Authors,Title,Year,DOI,Language,LB Include/exclude,LB Reason for exclusion,TW decision,TW reason,already in old search,consensus,exclusion in full text phase,exclusion abstract
"Dillenseger A, Weidemann ML, Trentzsch K, Inojosa H, Haase R, Schriefer D, Voigt I, Scholz M, Akgün K, Ziemssen T.",Digital Biomarkers in Multiple Sclerosis,2021,10.3390/brainsci11111519,English,exclude,review,exclude,review,,,,review
"Cabaraux P, Agrawal SK, Cai H, Calabro RS, Casali C, Damm L, Doss S, Habas C, Horn AKE, Ilg W, Louis ED, Mitoma H, Monaco V, Petracca M, Ranavolo A, Rao AK, Ruggieri S, Schirinzi T, Serrao M, Summa S, Strupp M, Surgent O, Synofzik M, Tao S, Terasi H, Torres-Russotto D, Travers B, Roper JA, Manto M.",Consensus Paper: Ataxic Gait,2022,10.1007/s12311-022-01373-9,English,exclude,consensus paper,exclude,review,,,,review
"Sforzini L, Worrell C, Kose M, Anderson IM, Aouizerate B, Arolt V, Bauer M, Baune BT, Blier P, Cleare AJ, Cowen PJ, Dinan TG, Fagiolini A, Ferrier IN, Hegerl U, Krystal AD, Leboyer M, McAllister-Williams RH, McIntyre RS, Meyer-Lindenberg A, Miller AH, Nemeroff CB, Normann C, Nutt D, Pallanti S, Pani L, Penninx BWJH, Schatzberg AF, Shelton RC, Yatham LN, Young AH, Zahn R, Aislaitner G, Butlen-Ducuing F, Fletcher C, Haberkamp M, Laughren T, Mäntylä FL, Schruers K, Thomson A, Arteaga-Henríquez G, Benedetti F, Cash-Gibson L, Chae WR, De Smedt H, Gold SM, Hoogendijk WJG, Mondragón VJ, Maron E, Martynowicz J, Melloni E, Otte C, Perez-Fuentes G, Poletti S, Schmidt ME, van de Ketterij E, Woo K, Flossbach Y, Ramos-Quiroga JA, Savitz AJ, Pariante CM.",A Delphi-method-based consensus guideline for definition of treatment-resistant depression for clinical trials,2022,10.1038/s41380-021-01381-x,English,exclude,review,exclude,out of scope,,,,review
"Gopal A, Hsu WY, Allen DD, Bove R.",Remote Assessments of Hand Function in Neurological Disorders: Systematic Review,2022,10.2196/33157,English,exclude,review,exclude,review,,,,review
"Mazzà C, Alcock L, Aminian K, Becker C, Bertuletti S, Bonci T, Brown P, Brozgol M, Buckley E, Carsin AE, Caruso M, Caulfield B, Cereatti A, Chiari L, Chynkiamis N, Ciravegna F, Del Din S, Eskofier B, Evers J, Garcia Aymerich J, Gazit E, Hansen C, Hausdorff JM, Helbostad JL, Hiden H, Hume E, Paraschiv-Ionescu A, Ireson N, Keogh A, Kirk C, Kluge F, Koch S, Küderle A, Lanfranchi V, Maetzler W, Micó-Amigo ME, Mueller A, Neatrour I, Niessen M, Palmerini L, Pluimgraaff L, Reggi L, Salis F, Schwickert L, Scott K, Sharrack B, Sillen H, Singleton D, Soltani A, Taraldsen K, Ullrich M, Van Gelder L, Vereijken B, Vogiatzis I, Warmerdam E, Yarnall A, Rochester L.",Technical validation of real-world monitoring of gait: a multicentric observational study,2021,10.1136/bmjopen-2021-050785,English,,,exclude,protocol,,exclude,,out of scope
"Jones K, Hawke F, Newman J, Miller JA, Burns J, Jakovljevic DG, Gorman G, Turnbull DM, Ramdharry G.",Interventions for promoting physical activity in people with neuromuscular disease,2021,10.1002/14651858.CD013544.pub2,English,exclude,review,exclude,review,,,,review
"Keogh A, Argent R, Anderson A, Caulfield B, Johnston W.",Assessing the usability of wearable devices to measure gait and physical activity in chronic conditions: a systematic review,2021,10.1186/s12984-021-00931-2,English,exclude,review,exclude,review,,,,review
"Sasaki JE, Bertochi GFA, Meneguci J, Motl RW.",Pedometers and Accelerometers in Multiple Sclerosis: Current and New Applications,2022,10.3390/ijerph191811839,English,exclude,review,exclude,review,,,,review
"Goldoni R, Dolci C, Boccalari E, Inchingolo F, Paghi A, Strambini L, Galimberti D, Tartaglia GM.",Salivary biomarkers of neurodegenerative and demyelinating diseases and biosensors for their detection,2022,10.1016/j.arr.2022.101587,English,exclude,out of scope,exclude,out of scope,,,,out of scope
"Montalban X, Graves J, Midaglia L, Mulero P, Julian L, Baker M, Schadrack J, Gossens C, Ganzetti M, Scotland A, Lipsmeier F, van Beek J, Bernasconi C, Belachew S, Lindemann M, Hauser SL.",A smartphone sensor-based digital outcome assessment of multiple sclerosis,2022,10.1177/13524585211028561,English,,,,,,,,
"Creagh, AP; Dondelinger, F; Lipsmeier, F; Lindemann, M; De Vos, M",Longitudinal Trend Monitoring of Multiple Sclerosis Ambulation Using Smartphones,2022,10.1109/OJEMB.2022.3221306,English,,,,,,,,
"Lam, KH; van Oirschot, P; den Teuling, B; Hulst, HE; de Jong, BA; Uitdehaag, BMJ; de Groot, V; Killestein, J","Reliability, construct and concurrent validity of a smartphone-based cognition test in multiple sclerosis",2022,10.1177/13524585211018103,English,,,exclude,out of scope,,exclude,,out of scope
"Woelfle, T; Pless, S; Reyes, O; Wiencierz, A; Feinstein, A; Calabrese, P; Gugleta, K; Kappos, L; Lorscheider, J; Naegelin, Y","Reliability and acceptance of dreaMS, a software application for people with multiple sclerosis: a feasibility study",2022,10.1007/s00415-022-11306-5,English,,,,,,,,
"Abou, L; Wong, E; Peters, J; Dossou, MS; Sosnoff, JJ; Rice, LA",Smartphone applications to assess gait and postural control in people with multiple sclerosis: A systematic review,2021,10.1016/j.msard.2021.102943,English,exclude,review,exclude,review,,,,review
"Pau, M; Leban, B; Deidda, M; Porta, M; Coghe, G; Cattaneo, D; Cocco, E",Use of wrist-worn accelerometers to quantify bilateral upper limb activity and asymmetry under free-living conditions in people with multiple sclerosis,2021,10.1016/j.msard.2021.103081,English,,,,,,,,
"Schwab, P; Karlen, W",A Deep Learning Approach to Diagnosing Multiple Sclerosis from Smartphone Data,2021,10.1109/JBHI.2020.3021143,English,,,duplicate,,yes,,,
"Tanoh, IC; Maillart, E; Labauge, P; Cohen, M; Maarouf, A; Vukusic, S; Donze, C; Gallien, P; De Seze, J; Bourre, B; Moreau, T; Louapre, C; Vallee, M; Bieuvelet, S; Klaeyle, L; Argoud, AL; Zinai, S; Tourbah, A",MSCopilot: New smartphone-based digital biomarkers correlate with Expanded Disability Status Scale scores in people with Multiple Sclerosis,2021,10.1016/j.msard.2021.103164,English,,,,,,,,
"Tulipani, LJ; Meyer, B; Allen, D; Solomon, AJ; McGinnis, RS",Evaluation of unsupervised 30-second chair stand test performance assessed by wearable sensors to predict fall status in multiple sclerosis,2022,10.1016/j.gaitpost.2022.02.016,English,,,,,,,,
"Hilty, M; Oldrati, P; Barrios, L; Muller, T; Blumer, C; Foege, M; Holz, C; Lutterotti, A",Continuous monitoring with wearables in multiple sclerosis reveals an association of cardiac autonomic dysfunction with disease severity,2022,10.1177/20552173221103436,English,exclude,out of scope: assessment of autonomic functions?,exclude,out of scope,,,,out of scope
"Alexander, S; Braisher, M; Tur, C; Chataway, J",The mSteps pilot study: Analysis of the distance walked using a novel smartphone application in multiple sclerosis,2022,10.1177/13524585221124043,English,,,,,,,,
"Meyer, BM; Tulipani, LJ; Gurchiek, RD; Allen, DA; Adamowicz, L; Larie, D; Solomon, AJ; Cheney, N; McGinnis, RS",Wearables and Deep Learning Classify Fall Risk From Gait in Multiple Sclerosis,2021,10.1109/JBHI.2020.3025049,English,,,duplicate,,yes,,,
"Abonie, US; Saxton, J; Baker, K; Hettinga, FJ",Objectively-assessed physical activity and self-reported activity pacing in adults with multiple sclerosis: A pilot study,2021,10.1177/02692155211024135,English,,,,,,,,
"Cloosterman, S; Wijnands, I; Huygens, S; Wester, V; Lam, KH; Strijbis, E; den Teuling, B; Versteegh, M",The Potential Impact of Digital Biomarkers in Multiple Sclerosis in The Netherlands: An Early Health Technology Assessment of MS Sherpa,2021,10.3390/brainsci11101305,English,,,,,,,out of scope,
"Andrews, JA; Craven, MP; Lang, AR; Guo, B; Morriss, R; Hollis, C","The impact of data from remote measurement technology on the clinical practice of healthcare professionals in depression, epilepsy and multiple sclerosis: survey",2021,10.1186/s12911-021-01640-5,English,exclude,out of scope: survey on the use of wearables and mobile apps,,,,exclude,,out of scope
"Lam, KH; Twose, J; McConchie, H; Licitra, G; Meijer, K; de Ruiter, L; van Lierop, Z; Moraal, B; Barkhof, F; Uitdehaag, B; de Groot, V; Killestein, J",Smartphone-derived keystroke dynamics are sensitive to relevant changes in multiple sclerosis,2022,10.1111/ene.15162,English,,,,,,,,
"Barrios, L; Oldrati, P; Hilty, M; Lindlbauer, D; Holz, C; Lutterotti, A",Smartphone-Based Tapping Frequency as a Surrogate for Perceived Fatigue. An in-the-Wild Feasibility Study in Multiple Sclerosis Patients,2021,10.1145/3478098,English,,,,,,,,
"Weizman, Y; Tirosh, O; Fuss, FK; Tan, AM; Rutz, E",Recent State of Wearable IMU Sensors Use in People Living with Spasticity: A Systematic Review,2022,10.3390/s22051791,English,exclude,review,exclude,review,,,,review
"van Oirschot, P; Heerings, M; Wendrich, K; den Teuling, B; Dorssers, F; van Ee, R; Martens, MB; Jongen, PJ",A Two-Minute Walking Test With a Smartphone App for Persons With Multiple Sclerosis: Validation Study,2021,10.2196/29128,English,,,,,,,,
"Leblanc, R; Decavel, P; Cassirame, J; Tordi, N; Moulin, T; Sagawa, Y",Personalized accelerometer cutoffs to evaluate moderate to vigorous physical activity in persons with multiple sclerosis: a feasibility study,2022,10.23736/S0393-3660.20.04442-3,English,,,,,,,,
"Whibley, D; Goldstein, C; Kratz, AL; Braley, TJ",A multidimensional approach to sleep health in multiple sclerosis,2021,10.1016/j.msard.2021.103271,English,,,exclude,out of scope,,exclude,,out of scope
"Woelfle, T; Pless, S; Wiencierz, A; Kappos, L; Naegelin, Y; Lorscheider, J","Practice Effects of Mobile Tests of Cognition, Dexterity, and Mobility on Patients With Multiple Sclerosis: Data Analysis of a Smartphone-Based Observational Study",2021,10.2196/30394,English,,,,,,,,
"Motl, RW; Baird, JF",Cardiorespiratory fitness and moderate-to-vigorous physical activity in older adults with multiple sclerosis,2021,10.1177/20552173211057514,English,,,,,,,,
"Stephens, S; Schneiderman, JE; Finlayson, M; Berenbaum, T; Motl, RW; Yeh, EA",Feasibility of a theory-informed mobile app for changing physical activity in youth with multiple sclerosis,2022,10.1016/j.msard.2021.103467,English,,,,,,,,
"Fernandez-Vazquez, D; Cano-de-la-Cuerda, R; Gor-Garcia-Fogeda, MD; Molina-Rueda, F",Wearable Robotic Gait Training in Persons with Multiple Sclerosis: A Satisfaction Study,2021,10.3390/s21144940,English,exclude,out of scope: wearable exoskeletons,,,,exclude,,out of scope
"Xie, T; Padmanaban, M; Javed, A; Satzer, D; Towle, TE; Warnke, P; Towle, VL",Effect of Deep Brain Stimulation on Cerebellar Tremor Compared to Non-Cerebellar Tremor Using a Wearable Device in a Patient With Multiple Sclerosis: Case Report,2022,10.3389/fnhum.2021.754091,English,,case report?,exclude,case report,,exclude,,out of scope
"Sagawa, Y; Watelain, E; Moulin, T; Decavel, P",Physical Activity during Weekdays and Weekends in Persons with Multiple Sclerosis,2021,10.3390/s21113617,English,,,,,,,,
"Gervasoni, E; Anastasi, D; Di Giovanni, R; Solaro, C; Rovaris, M; Brichetto, G; Carpinella, I; Confalonieri, P; Tacchino, A; Rabuffetti, M; Cattaneo, D",Physical activity in non-disabled people with early multiple sclerosis: A multicenter cross-sectional study,2022,10.1016/j.msard.2022.103941,English,,,,,,,,
"Di Giovanni, R; Solaro, C; Grange, E; Masuccio, FG; Brichetto, G; Mueller, M; Tacchino, A",A comparison of upper limb function in subjects with multiple sclerosis and healthy controls using an inertial measurement unit,2021,10.1016/j.msard.2021.103036,English,,,,,,,,
"Creagh, AP; Lipsmeier, F; Lindemann, M; De Vos, M",Interpretable deep learning for the remote characterisation of ambulation in multiple sclerosis using smartphones,2021,10.1038/s41598-021-92776-x,English,,,,,,,,
"Block, VJ; Bove, R; Nourbakhsh, B",The Role of Remote Monitoring in Evaluating Fatigue in Multiple Sclerosis: A Review,2022,10.3389/fneur.2022.878313,English,exclude,review,exclude,review,,,,review
"Sandroff, BM; Motl, RW; Amato, MP; Brichetto, G; Chataway, J; Chiaravalloti, ND; Cutter, GR; Dalgas, U; DeLuca, J; Farrell, R; Feys, P; Filippi, M; Freeman, J; Inglese, M; Meza, C; Rocca, MA; Salter, A; Feinstein, A",Cardiorespiratory fitness and free-living physical activity are not associated with cognition in persons with progressive multiple sclerosis: Baseline analyses from the CogEx study,2022,10.1177/13524585211048397,English,,,,,,,,
"Hossen, A; Anwar, AR; Koirala, N; Ding, H; Budker, D; Wickenbrock, A; Heute, U; Groppa, S; Muthuraman, M; Deuschl, G",Machine learning aided classification of tremor in multiple sclerosis,2022,10.1016/j.ebiom.2022.104152,English,,,,,,,,
"Mokhberdezfuli, M; Ayatollahi, H; Moghadasi, AN",A Smartphone-based Application for Self-Management in Multiple Sclerosis,2021,10.1155/2021/6749951,English,,,exclude,out of scope,,exclude,,out of scope
"Ganzetti, M; Graves, JS; Holm, SP; Dondelinger, F; Midaglia, L; Gaetano, L; Craveiro, L; Lipsmeier, F; Bernasconi, C; Montalban, X; Hauser, SL; Lindemann, M",Neural correlates of digital measures shown by structural MRI: a post-hoc analysis of a smartphone-based remote assessment feasibility study in multiple sclerosis,2022,10.1007/s00415-022-11494-0,English,,,,,,,,
"Liu, HC; Chen, B; Zhu, QS",Potential application of hydrogel to the diagnosis and treatment of multiple sclerosis,2022,10.1186/s13036-022-00288-7,English,exclude,review,exclude,review,,,,review
"LaCroix, MS; Mirbaha, H; Shang, P; Zandee, S; Foong, C; Prat, A; White, CL; Stuve, O; Diamond, MI",Tau seeding in cases of multiple sclerosis,2022,10.1186/s40478-022-01444-2,English,exclude,case report + out of scope,exclude,out of scope,,,,out of scope
"Pardo, G; Coates, S; Okuda, DT",Outcome measures assisting treatment optimization in multiple sclerosis,2022,10.1007/s00415-021-10674-8,English,exclude,review,exclude,review,,,,review
"Cederberg, KLJ; Jeng, B; Sasaki, JE; Sikes, EM; Cutter, G; Motl, RW",Physical activity and self-reported sleep quality in adults with multiple sclerosis,2021,10.1016/j.dhjo.2021.101133,English,,,,,,,,
"Carpinella, I; Anastasi, D; Gervasoni, E; Di Giovanni, R; Tacchino, A; Brichetto, G; Confalonieri, P; Rovaris, M; Solaro, C; Ferrarin, M; Cattaneo, D",Balance Impairments in People with Early-Stage Multiple Sclerosis: Boosting the Integration of Instrumented Assessment in Clinical Practice,2022,10.3390/s22239558,English,,,,,,,,
"Salomon, A; Galperin, I; Buzaglo, D; Mirelman, A; Regev, K; Karni, A; Schmitz-Hubsch, T; Paul, F; Devos, H; Sosnoff, JJ; Gazit, E; Tamir, R; Shimoni, N; Hausdorff, JM","Fragmentation, circadian amplitude, and fractal pattern of daily-living physical activity in people with multiple sclerosis: Is there relevant information beyond the total amount of physical activity?",2022,10.1016/j.msard.2022.104108,English,,,,,,,,
"Kazemi, SM; Rakhshan, M; Rivaz, M; Izadi, S",The effects of continuous care model using a smartphone application on adherence to treatment and self-efficacy among patients with multiple sclerosis,2022,10.1186/s12911-022-01785-x,English,,,exclude,out of scope,,exclude,,out of scope
"Jeng, B; Silic, P; Huynh, TLT; Motl, RW",Sedentary Behavior and Lower-Extremity Physical Function across the Lifespan of Adults with Multiple Sclerosis,2022,10.3390/ijerph191912466,English,,,,,,,,
"Tulipani, LJ; Meyer, B; Fox, S; Solomon, AJ; Mcginnis, RS",The Sit-to-Stand Transition as a Biomarker for Impairment: Comparison of Instrumented 30-Second Chair Stand Test and Daily Life Transitions in Multiple Sclerosis,2022,10.1109/TNSRE.2022.3169962,English,,,,,,,,
"Stavropoulos, TG; Meditskos, G; Lazarou, I; Mpaltadoros, L; Papagiannopoulos, S; Tsolaki, M; Kompatsiaris, I",Detection of Health-Related Events and Behaviours from Wearable Sensor Lifestyle Data Using Symbolic Intelligence: A Proof-of-Concept Application in the Care of Multiple Sclerosis,2021,10.3390/s21186230,English,,,,,,,out of scope (no patient data),
"Carpinella, I; Gervasoni, E; Anastasi, D; Di Giovanni, R; Tacchino, A; Brichetto, G; Confalonieri, P; Solaro, C; Rovaris, M; Ferrarin, M; Cattaneo, D",Walking With Horizontal Head Turns Is Impaired in Persons With Early-Stage Multiple Sclerosis Showing Normal Locomotion,2022,10.3389/fneur.2021.821640,English,,,,,,,,
"Lam, KH; Bucur, IG; Van Oirschot, P; De Graaf, F; Weda, H; Strijbis, E; Uitdehaag, B; Heskes, T; Killestein, J; De Groot, V",Towards individualized monitoring of cognition in multiple sclerosis in the digital era: A one-year cohort study,2022,10.1016/j.msard.2022.103692,English,,,exclude,out of scope,,exclude,,out of scope
"Molenaar, PCG; van Oirschot, P; Bucur, I; Lam, K; Moraal, B; Heskes, T; de Groot, V; Uitdehaag, B; Killestein, J; Strijbis, E",Can we detect radiological disease activity in multiple sclerosis using digital biomarkers?,2022,,English,,,exclude,poster abstract?,,exclude,,abstract
"Heesen, C; Magyari, M; Stellmann, JP; Lederer, C; Giovannoni, G; Scalfari, A; Daumer, M",The Sylvia Lawry Centre for Multiple Sclerosis Research (SLCMSR)-- Critical review facing the 20 anniversary,2022,10.1016/j.msard.2022.103885,English,exclude,review,exclude,review,,,,review
"Jeng, B; Cederberg, KLJ; Huynh, TL; Silic, P; Jones, CD; Feasel, CD; Sikes, EM; Baird, JF; Silveira, SL; Sasaki, JE; Motl, RW",Social Cognitive Theory variables as correlates of physical activity in fatigued persons with multiple sclerosis,2022,10.1016/j.msard.2021.103312,English,,,,,,,,
"Muller, R; Hamacher, D; Hansen, S; Oschmann, P; Keune, PM",Wearable inertial sensors are highly sensitive in the detection of gait disturbances and fatigue at early stages of multiple sclerosis,2021,10.1186/s12883-021-02361-y,English,,,,,,,,
"Mobbs, RJ; Perring, J; Raj, SM; Maharaj, M; Yoong, NKM; Sy, LW; Fonseka, RD; Natarajan, P; Choy, WJ",Gait metrics analysis utilizing single-point inertial measurement units: a systematic review br,2022,10.21037/mhealth-21-17,English,exclude,review,exclude,review,,,,review
"Afzal, T; Zhu, FS; Tseng, SC; Lincoln, JA; Francisco, GE; Su, H; Chang, SH",Evaluation of Muscle Synergy During Exoskeleton-Assisted Walking in Persons With Multiple Sclerosis,2022,10.1109/TBME.2022.3166705,English,exclude,out of scope: wearable exoskeletons,,,,keep,,
"Kinnett-Hopkins, D; Motl, R",Social cognitive correlates of device-measured and self-reported physical activity in Black and White individuals with multiple sclerosis,2022,10.1016/j.dhjo.2022.101344,English,,,,,,,,
"Gromisch, ES; Turner, AP; Haselkorn, JK; Lo, AC; Agresta, T","Mobile health (mHealth) usage, barriers, and technological considerations in persons with multiple sclerosis: a literature review",2021,10.1093/jamiaopen/ooaa067,English,exclude,review,exclude,review,,,,review
"Huynh, T; Jeng, B; Motl, RW",Physical activity and vascular comorbidity in Black and White persons with multiple sclerosis: A cross-sectional study,2022,10.1016/j.dhjo.2022.101314,English,,,,,,,,
"Berg-Hansen, P; Moen, SM; Austeng, A; Gonzales, V; Klyve, TD; Negard, H; Seeberg, TM; Celius, EG; Meyer, F",Sensor-based gait analyses of the six-minute walk test identify qualitative improvement in gait parameters of people with multiple sclerosis after rehabilitation,2022,10.1007/s00415-022-10998-z,English,,,,,,,,
"Midaglia, L; Sastre-Garriga, J; Montalban, X","Clinical monitoring of multiple sclerosis patients by means of digital technology, a field in the midst of a revolution",2021,10.33588/rn.7306.2021136,Spanish,exclude,review,exclude,review,,,,review
"Ibrahim, AA; Flachenecker, F; Gassner, H; Rothhammer, V; Klucken, J; Eskofier, BM; Kluge, F",Short inertial sensor-based gait tests reflect perceived state fatigue in multiple sclerosis,2022,10.1016/j.msard.2022.103519,English,,,,,,,,
"Hosseini, SS; Jebelli, A; Vandghanooni, S; Jahanban-Esfahlan, A; Baradaran, B; Amini, M; Bidar, N; de la Guardia, M; Mokhtarzadeh, A; Eskandani, M",Perspectives and trends in advanced DNA biosensors for the recognition of single nucleotide polymorphisms,2022,10.1016/j.cej.2022.135988,English,exclude,review + out of scope,exclude,Review + out of scope,,,,review
"Huang, SC; Guerrieri, S; Dalla Costa, G; Pisa, M; Leccabue, G; Gregoris, L; Comi, G; Leocani, L","Intensive Neurorehabilitation and Gait Improvement in Progressive Multiple Sclerosis: Clinical, Kinematic and Electromyographic Analysis",2022,10.3390/brainsci12020258,English,,,,,,,,
"Kim, J; Bollaert, RE; Cerna, J; Adamson, BC; Robbs, CM; Khan, NA; Motl, RW",Moderate-to-Vigorous Physical Activity is Related With Retinal Neuronal and Axonal Integrity in Persons With Multiple Sclerosis,2022,10.1177/15459683221131787,English,,,,,,,,
"Block, VJ; Pitsch, EA; Gopal, A; Zhao, C; Pletcher, MJ; Marcus, GM; Olgin, JE; Hollenbach, J; Bove, R; Cree, BAC; Gelfand, JM",Identifying falls remotely in people with multiple sclerosis,2022,10.1007/s00415-021-10743-y,English,,,,,,,,
"Atrsaei, A; Dadashi, F; Mariani, B; Gonzenbach, R; Aminian, K",Toward a Remote Assessment of Walking Bout and Speed: Application in Patients With Multiple Sclerosis,2021,10.1109/JBHI.2021.3076707,English,,,,,,,,
"Altmann, P; Ponleitner, M; Monschein, T; Krajnc, N; Zulehner, G; Zrzavy, T; Leutmezer, F; Rommer, PS; Kornek, B; Berger, T; Bsteh, G",Feasibility of a smartphone app to monitor patient reported outcomes in multiple sclerosis: The haMSter interventional trial,2022,10.1177/20552076221135387,English,,,exclude,out of scope,,exclude,,out of scope
"Baird, JF; Silveira, SL; Motl, RW",Social cognitive theory variables are stronger correlates of moderate-to-vigorous physical activity than light physical activity in older adults with multiple sclerosis,2022,10.1007/s11332-021-00845-5,English,,,,,,,out of scope (no wearable),
"Shariati, S; Ghaffarinejad, A; Omidinia, E",Early detection of multiple sclerosis (MS) as a neurodegenerative disease using electrochemical nano-aptasensor,2022,10.1016/j.microc.2022.107358,English,exclude,no wearable,exclude,out of scope,,,,out of scope
"Mosquera-Lopez, C; Wan, E; Shastry, M; Folsom, J; Leitschuh, J; Condon, J; Rajhbeharrysingh, U; Hildebrand, A; Cameron, M; Jacobs, PG",Automated Detection of Real-World Falls: Modeled From People With Multiple Sclerosis,2021,10.1109/JBHI.2020.3041035,English,,,duplicate,,yes,,,
"Hildebrand, A; Jacobs, PG; Folsom, JG; Mosquera-Lopez, C; Wan, E; Cameron, MH",Comparing fall detection methods in people with multiple sclerosis: A prospective observational cohort study,2021,10.1016/j.msard.2021.103270,English,,,,,,,,
"Moumdjian, L; Smedal, T; Arntzen, EC; van der Linden, ML; Learmonth, Y; Pedulla, L; Tacchino, A; Novotna, K; Kalron, A; Yazgan, YZ; Nedeljkovic, U; Kos, D; Jonsdottir, J; Santoyo-Medina, C; Coote, S",Impact of the COVID-19 Pandemic on Physical Activity and Associated Technology Use in Persons With Multiple Sclerosis: An International RIMS-SIG Mobility Survey Study,2022,10.1016/j.apmr.2022.06.001,English,,,exclude,survey,,exclude,,out of scope
"Andrews, JA; Craven, MP; Lang, AR; Guo, B; Morriss, R; Hollis, C","Making remote measurement technology work in multiple sclerosis, epilepsy and depression: survey of healthcare professionals",2022,10.1186/s12911-022-01856-z,English,exclude,survey,exclude,survey,,,,out of scope
"Altmann, P; Hinterberger, W; Leutmezer, F; Ponleitner, M; Monschein, T; Zrzavy, T; Zulehner, G; Kornek, B; Lanzenberger, R; Berek, K; Rommer, PS; Berger, T; Bsteh, G",The Smartphone App haMSter for Tracking Patient-Reported Outcomes in People With Multiple Sclerosis: Protocol for a Pilot Study,2021,10.2196/25011,English,,,exclude,Protocol / out of scope,,exclude,,out of scope
"Rice, DR; Kaplan, TB; Hotan, GC; Vogel, AC; Matiello, M; Gillani, RL; Hutto, SK; Ham, AS; Klawiter, EC; George, IC; Galetta, K; Mateen, FJ","Electronic pill bottles to monitor and promote medication adherence for people with multiple sclerosis: A randomized, virtual clinical trial",2021,10.1016/j.jns.2021.117612,English,exclude,no wearable,exclude,out of scope,,,,
"Anens, E; Ahlstrom, I; Emtner, M; Zetterberg, L; Nilsagard, Y; Hellstrom, K",Validity and reliability of physical activity measures in multiple sclerosis,2021,10.1080/09593985.2021.1996498,English,,,,,,,,
"Gervasoni, E; Bertoni, R; Anastasi, D; Solaro, C; Di Giovanni, R; Grange, E; Gunga, HC; Rovaris, M; Cattaneo, D; Maggioni, MA; Merati, G",Acute Thermoregulatory and Cardiovascular Response to Submaximal Exercise in People With Multiple Sclerosis,2022,10.3389/fimmu.2022.842269,English,,,exclude,out of scope,,keep,,
"Jones, CD; Jeng, B; Silic, P; Motl, RW",Do device-measured physical activity and sedentary behavior differ by depression symptom status in persons with multiple sclerosis?,2022,10.1016/j.msard.2022.103889,English,,,,,,,,
"Trentzsch, K; Melzer, B; Stoelzer-Hutsch, H; Haase, R; Bartscht, P; Meyer, P; Ziemssen, T",Automated Analysis of the Two-Minute Walk Test in Clinical Practice Using Accelerometer Data,2021,10.3390/brainsci11111507,English,,,,,,,,
"Block, VJ; Waliman, M; Xie, ZD; Akula, A; Bove, R; Pletcher, MJ; Marcus, GM; Olgin, JE; Cree, BAC; Gelfand, JM; Henry, RG",Making Every Step Count: Minute-by-Minute Characterization of Step Counts Augments Remote Activity Monitoring in People With Multiple Sclerosis,2022,10.3389/fneur.2022.860008,English,,,,,,,,
"Wendrich, K; Krabbenborg, L",Digital Self-monitoring of Multiple Sclerosis: Interview Study With Dutch Health Care Providers on the Expected New Configuration of Roles and Responsibilities,2022,10.2196/30224,English,exclude,survey,exclude,survey,,,,out of scope
"Kaur, R; Chen, ZZ; Motl, R; Hernandez, ME; Sowers, R",Predicting Multiple Sclerosis From Gait Dynamics Using an Instrumented Treadmill: A Machine Learning Approach,2021,10.1109/TBME.2020.3048142,English,,,,,,,out of scope (no wearable),
"Guerrero, S; Sanchez-Tirado, E; Agui, L; Gonzalez-Cortes, A; Yanez-Sedeno, P; Pingarron, JM",Development of an Electrochemical CCL5 Chemokine Immunoplatform for Rapid Diagnosis of Multiple Sclerosis,2022,10.3390/bios12080610,English,exclude,no wearable,exclude,out of scope,,,,out of scope
"Meyer, BM; Depetrillo, P; Franco, J; Donahue, N; Fox, SR; O'Leary, A; Loftness, BC; Gurchiek, RD; Buckley, M; Solomon, AJ; Ng, SK; Cheney, N; Ceruolo, M; McGinnis, RS",How Much Data Is Enough? A Reliable Methodology to Examine Long-Term Wearable Data Acquisition in Gait and Postural Sway,2022,10.3390/s22186982,English,,,,,,,,
"Warmerdam, E; Romijnders, R; Geritz, J; Elshehabi, M; Maetzler, C; Otto, JC; Reimer, M; Stuerner, K; Baron, R; Paschen, S; Beyer, T; Dopcke, D; Eiken, T; Ortmann, H; Peters, F; von der Recke, F; Riesen, M; Rohwedder, G; Schaade, A; Schumacher, M; Sondermann, A; Maetzler, W; Hansen, C",Proposed Mobility Assessments with Simultaneous Full-Body Inertial Measurement Units and Optical Motion Capture in Healthy Adults and Neurological Patients for Future Validation Studies: Study Protocol,2021,10.3390/s21175833,English,,,exclude,protocol,,exclude,,out of scope
"Cohen, M; Bresch, S; Rocchi, OT; Morain, E; Benoit, J; Levraut, M; Fakir, S; Landes, C; Lebrun-Frenay, C",Should we still only rely on EDSS to evaluate disability in multiple sclerosis patients? A study of inter and intra rater reliability,2021,10.1016/j.msard.2021.103144,English,,,exclude,out of scope,,exclude,,out of scope
"Peters, J; Abou, L; Wong, E; Dossou, MS; Sosnoff, JJ; Rice, LA",Smartphone-based gait and balance assessment in survivors of stroke: a systematic review,2022,10.1080/17483107.2022.2072527,English,exclude,review,exclude,review,,,,review
"Marotta, N; de Sire, A; Marinaro, C; Moggio, L; Inzitari, MT; Russo, I; Tasselli, A; Paolucci, T; Valentino, P; Ammendolia, A",Efficacy of Transcranial Direct Current Stimulation (tDCS) on Balance and Gait in Multiple Sclerosis Patients: A Machine Learning Approach,2022,10.3390/jcm11123505,English,,,,,,,,
"Simblett, S; Pennington, M; Quaife, M; Theochari, E; Burke, P; Brichetto, G; Devonshire, J; Lees, S; Little, A; Pullen, A; Stoneman, A; Thorpe, S; Weyer, J; Polhemus, A; Novak, J; Dawe-Lane, E; Morris, D; Mutepua, M; Odoi, C; Wilson, E; Wykes, T",Key Drivers and Facilitators of the Choice to Use mHealth Technology in People With Neurological Conditions: Observational Study,2022,10.2196/29509,English,,,,,,,out of scope (no wearable),
"Guerrero, S; Sanchez-Tirado, E; Agui, L; Gonzalez-Cortes, A; Yanez-Sedeno, P; Pingarron, JM",Monitoring autoimmune diseases by bioelectrochemical detection of autoantibodies. Application to the determination of anti-myelin basic protein autoantibodies in serum of multiple sclerosis patients,2022,10.1016/j.talanta.2022.123304,English,exclude,no wearable,exclude,out of scope,,,,out of scope
"Bonavita, S; Lavorgna, L; Worton, H; Russell, S; Jack, D",Family Planning Decision Making in People With Multiple Sclerosis,2021,10.3389/fneur.2021.620772,English,,,exclude,survey,,exclude,,out of scope
"Weed, L; Little, C; Kasser, SL; McGinnis, RS",A Preliminary Investigation of the Effects of Obstacle Negotiation and Turning on Gait Variability in Adults with Multiple Sclerosis,2021,10.3390/s21175806,English,,,,,,,,
"Cederberg, KLJ; Walters, AS; Amara, AW; Braley, TJ; Schuetz, ML; Mathison, BG; Motl, RW",Validity and reliability of the suggested immobilization test for measurement of restless legs syndrome severity in adults with multiple sclerosis,2021,10.1016/j.sleep.2021.06.005,English,,,,,,,,
"Ouwerkerk, M; Eijssen, ICJM; van der Linden, MMW; Wijnands, IM; Dorssers, FJG; Rietberg, MB; Beckerman, H; de Groot, V",A Smartphone Application to Assess Real-Time and Individual-Specific Societal Participation: A Development and Usability Study,2022,10.1016/j.apmr.2022.01.168,English,,,,,,,"out of scope (GPS mobility including transport, no actual motor function)",
"van der Walt, A; Butzkueven, H; Shin, RK; Midaglia, L; Capezzuto, L; Lindemann, M; Davies, G; Butler, LM; Costantino, C; Montalban, X",Developing a Digital Solution for Remote Assessment in Multiple Sclerosis: From Concept to Software as a Medical Device,2021,10.3390/brainsci11091247,English,exclude,review,exclude,review,,,,review
"Arpan, I; Shah, VV; McNames, J; Harker, G; Carlson-Kuhta, P; Spain, R; El-Gohary, M; Mancini, M; Horak, FB",Fall Prediction Based on Instrumented Measures of Gait and Turning in Daily Life in People with Multiple Sclerosis,2022,10.3390/s22165940,English,,,,,,,,
"Macken, J; Wiegand, M; Muller, M; Krawinkel, A; Linnebank, M",A Mobile App for Measuring Real Time Fatigue in Patients with Multiple Sclerosis: Introducing the Fimo Health App,2021,10.3390/brainsci11091235,English,,,exclude,out of scope,,exclude,,out of scope
"Barrios, L; Amon, R; Oldrati, P; Hilty, M; Holz, C; Lutterotti, A",Cognitive fatigability assessment test (cFAST): Development of a new instrument to assess cognitive fatigability and pilot study on its association to perceived fatigue in multiple sclerosis,2022,10.1177/20552076221117740,English,,,exclude,out of scope,,exclude,,out of scope
"Drouin, P; Stamm, A; Chevreuil, L; Graillot, V; Barbin, L; Gourraud, PA; Laplaud, DA; Bellanger, L",Semi-supervised clustering of quaternion time series: Application to gait analysis in multiple sclerosis using motion sensor data,2022,10.1002/sim.9625,English,,,,,,,,
"Angelini, L; Buckley, E; Bonci, T; Radford, A; Sharrack, B; Paling, D; Nair, KPS; Mazza, C",A Multifactorial Model of Multiple Sclerosis Gait and Its Changes Across Different Disability Levels,2021,10.1109/TBME.2021.3061998,English,,,duplicate,,yes,,,
"Salchow-Hoemmen, C; Skrobot, M; Jochner, MCE; Schauer, T; Kuehn, AA; Wenger, N",Review-Emerging Portable Technologies for Gait Analysis in Neurological Disorders,2022,10.3389/fnhum.2022.768575,English,exclude,review,exclude,review,,,,review
"Brenton, JN; Florenzo, B; Koshiya, H; Min, S; Woolbright, E; Coleman, R; Chen, SS; Goldman, M",Six-Minute Walk as a Measure of Walking Capacity and Endurance in Patients With Pediatric-Onset Multiple Sclerosis,2022,10.1212/WNL.0000000000201098,English,,,,,,,,
"Graves, JS; Ganzetti, M; Dondelinger, F; Lipsmeier, F; Belachew, S; Bernasconi, C; Montalban, X; van Beek, J; Baker, M; Gossens, C; Lindemann, M",Preliminary validity of the Draw a Shape Test for upper extremity assessment in multiple sclerosis,2022,10.1002/acn3.51705,English,,,,,,,,
"Das, R; Paul, S; Mourya, GK; Kumar, N; Hussain, M",Recent Trends and Practices Toward Assessment and Rehabilitation of Neurodegenerative Disorders: Insights From Human Gait,2022,10.3389/fnins.2022.859298,English,exclude,review,exclude,review,,,,review
"Chougale, A; Vedante, S; Kulkarni, G; Patnawar, S",Recent Progress on Biosensors for the Early Detection of Neurological Disorders.,2022,10.1002/slct.202203155,English,exclude,review,exclude,Review / out of scope,,,,review
"Alvarez, JT; Gerez, LF; Araromi, OA; Hunter, JG; Choe, DK; Payne, CJ; Wood, RJ; Walsh, CJ",Toward Soft Wearable Strain Sensors for Muscle Activity Monitoring,2022,10.1109/TNSRE.2022.3196501,English,,,exclude,Out of scope: no MS?,,exclude,,out of scope
"Golan, D; Sagiv, S; Glass-Marmor, L; Miller, A","Mobile-phone-based e-diary derived patient reported outcomes: Association with clinical disease activity, psychological status and quality of life of patients with multiple sclerosis",2021,10.1371/journal.pone.0250647,English,,,exclude,out of scope,,exclude,,out of scope
"Kim, JH; Suh, YJ; Park, D; Yim, H; Kim, H; Kim, HJ; Yoon, DS; Hwang, KS",Technological advances in electrochemical biosensors for the detection of disease biomarkers,2021,10.1007/s13534-021-00204-w,English,exclude,review,exclude,Review / out of scope,,,,review
"Keller, JL; Tian, F; Fitzgerald, KC; Mische, L; Ritter, J; Costello, MG; Mowry, EM; Zippunikov, V; Zackowski, KM",Using real-world accelerometry-derived diurnal patterns of physical activity to evaluate disability in multiple sclerosis,2022,10.1177/20556683211067362,English,,,,,,,,
"Bois, A; Tervil, B; Moreau, A; Vienne-Jumeau, A; Ricard, D; Oudre, L",A topological data analysis-based method for gait signals with an application to the study of multiple sclerosis,2022,10.1371/journal.pone.0268475,English,,,,,,,,
"Theunissen, K; Plasqui, G; Boonen, A; Brauwers, B; Timmermans, A; Meyns, P; Meijer, K; Feys, P",The Relationship Between Walking Speed and the Energetic Cost of Walking in Persons With Multiple Sclerosis and Healthy Controls: A Systematic Review,2021,10.1177/15459683211005028,English,exclude,review,exclude,review,,,,review
"Makowiecki, K; Stevens, N; Cullen, CL; Zarghami, A; Nguyen, PT; Johnson, L; Rodger, J; Hinder, MR; Barnett, M; Young, KM; Taylor, BV",Safety of low-intensity repetitive transcranial magneTic brAin stimUlation foR people living with mUltiple Sclerosis (TAURUS): study protocol for a randomised controlled trial,2022,10.1186/s13063-022-06526-z,English,exclude,study protocol,exclude,protocol,,,,out of scope
"Chikersal, P; Venkatesh, S; Masown, K; Walker, E; Quraishi, D; Dey, A; Goel, M; Xia, ZQ",Predicting Multiple Sclerosis Outcomes During the COVID-19 Stay-at-home Period: Observational Study Using Passively Sensed Behaviors and Digital Phenotyping,2022,10.2196/38495,English,,,,,,,,
"van Gelder, LMA; Angelini, L; Buckley, EE; Mazza, C",A Proposal for a Linear Calculation of Gait Asymmetry,2021,10.3390/sym13091560,English,,no new data collected but data from a previous paper,,,,,,
"Delahaye, C; Chaves, D; Congnard, F; Noury-Desvaux, B; de Mullenheim, PY",Measuring Outdoor Walking Capacities Using Global Positioning System in People with Multiple Sclerosis: Clinical and Methodological Insights from an Exploratory Study,2021,10.3390/s21093189,English,,,,,,,,
"Tonning, LU; Mechlenburg, I; Christiansen, DH; Andersen, NBV; Stabel, HH; Pedersen, AR; Nielsen, JF; Grimm, B; Naess-Schmidt, E",Disability and physical activity in people with chronic disease receiving physiotherapy. A prospective cohort study,2022,10.3389/fspor.2022.1006422,English,,,,,,,,
"Alberts, JL; Koop, MM; McGinley, MP; Penko, AL; Fernandez, HH; Shook, S; Bermel, RA; Machado, A; Rosenfeldt, AB",Use of a Smartphone to Gather Parkinson's Disease Neurological Vital Signs during the COVID-19 Pandemic,2021,10.1155/2021/5534282,English,exclude,no MS patient,exclude,out of scope,,,,out of scope
"Warmerdam, E; Hansen, C; Romijnders, R; Hobert, MA; Welzel, J; Maetzler, W",Full-Body Mobility Data to Validate Inertial Measurement Unit Algorithms in Healthy and Neurological Cohorts,2022,10.3390/data7100136,English,,,,,,,,
"Solodka, K; Berto, M; Ferraro, D; Menozzi, C; Borsari, M; Bortolotti, CA; Biscarini, F; Pinti, M",Detection of Neurofilament Light Chain with Label-Free Electrolyte-Gated Organic Field-Effect Transistors,2022,10.1002/admi.202102341,English,exclude,out of scope,exclude,out of scope,,,,out of scope
"Allum, JHJ; Rust, HM; Lutz, N; Schouenborg, C; Fischer-Barnicol, B; Haller, V; Derfuss, T; Kuhle, J; Yaldizli, O",Characteristics of improvements in balance control using vibro-tactile biofeedback of trunk sway for multiple sclerosis patients,2021,10.1016/j.jns.2021.117432,English,,,,,,,,
"Jahren, SE; Aakvaag, N; Strisland, F; Vogl, A; Liberale, A; Liverud, AE",Towards Human Motion Tracking Enhanced by Semi-Continuous Ultrasonic Time-of-Flight Measurements,2021,10.3390/s21072259,English,exclude,no MS patient,exclude,out of scope,,,,out of scope
"Steudler, J; Ecott, T; Ivan, DC; Bouillet, E; Walthert, S; Berve, K; Dick, TP; Engelhardt, B; Locatelli, G",Autoimmune neuroinflammation triggers mitochondrial oxidation in oligodendrocytes,2022,10.1002/glia.24235,English,exclude,out of scope,exclude,out of scope,,,,out of scope
"Bremm, RP; Berthold, C; Kruger, R; Koch, KP; Goncalves, J; Hertel, F",Therapeutic maps for a sensor-based evaluation of deep brain stimulation programming,2021,10.1515/bmt-2020-0210,English,,,,,,,case report,
"Shaghaghi, M; Cai, KJ",Toward In Vivo MRI of the Tissue Proton Exchange Rate in Humans,2022,10.3390/bios12100815,English,exclude,out of scope,exclude,out of scope,,,,out of scope
"Motl, RW; Sandroff, BM; Benedict, RHB","Moderate-to-vigorous physical activity is associated with processing speed, but not learning and memory, in cognitively impaired persons with multiple sclerosis",2022,10.1016/j.msard.2022.103833,English,,,,,,,,
"Lucangeli, L; D'Angelantonio, E; Camomilla, V; Pallotti, A",SISTINE 2.0: Sensorized Socks for Postural Telemonitoring,2022,10.1109/MetroInd4.0IoT54413.2022.9831630,English,,,exclude,out of scope (no MS patients),,exclude,,out of scope
"Cui, EJ; Leroux, A; Smirnova, E; Crainiceanu, CM",Fast Univariate Inference for Longitudinal Functional Models,2022,10.1080/10618600.2021.1950006,English,,,exclude,out of scope (no MS patients for PA experiment (NHANES)),,exclude,,out of scope
"Van Assche, E; Ramos-Quiroga, JA; Pariante, CM; Sforzini, L; Young, AH; Flossbach, Y; Gold, SM; Hoogendijk, WJG; Baune, BT; Maron, E",Digital tools for the assessment of pharmacological treatment for depressive disorder: State of the art,2022,10.1016/j.euroneuro.2022.05.007,English,exclude,review,exclude,review,,,,review
"Stavroula, T; Bei, ES; Zervakis, ME",Tsakaneli Stavroula,2022,10.1109/BHI56158.2022.9926949,English,exclude,out of scope,exclude,out of scope,,,,out of scope
"Kanzler, CM; Lamers, I; Feys, P; Gassert, R; Lambercy, O","Personalized prediction of rehabilitation outcomes inmultiple sclerosis: a proof-of-concept using clinical data, digital health metrics, andmachine learning",2022,10.1007/s11517-021-02467-y,English,,,,,,,out of scope (no wearable),
"Xing, H; Kissmann, AK; Raber, HF; Kramer, M; Amann, V; Kohn, K; Weil, T; Rosenau, F",Polyclonal Aptamers for Specific Fluorescence Labeling and Quantification of the Health Relevant Human Gut Bacterium Parabacteroides distasonis,2021,10.3390/microorganisms9112284,English,exclude,out of scope,exclude,out of scope,,,,out of scope
"Sakamaki, T; Furusawa, Y; Hayashi, A; Otsuka, M; Fernandez, J",Remote Patient Monitoring for Neuropsychiatric Disorders: A Scoping Review of Current Trends and Future Perspectives from Recent Publications and Upcoming Clinical Trials,2022,10.1089/tmj.2021.0489,English,,,exclude,review,,exclude,,review
"Lin, AC; Lin, TT; Tan, YK; Pan, WR; Shih, CJ; Lee, CJ; Chen, SF; Wang, FC",Superior Gait Symmetry and Postural Stability among Yoga Instructors-Inertial Measurement Unit-Based Evaluation,2022,10.3390/s22249683,English,exclude,no MS patient,exclude,out of scope,,,,out of scope
"Frechette, M; Fanning, J; Hsieh, K; Rice, L; Sosnoff, J",The Usability of a Smartphone-Based Fall Risk Assessment App for Adult Wheelchair Users: Observational Study,2022,10.2196/32453,English,,,exclude,case report (only 2 MS patients),,keep,,out of scope
"Hallett, M; DelRosso, LM; Elble, R; Ferri, R; Horak, FB; Lehericy, S; Mancini, M; Matsuhashi, M; Matsumoto, R; Muthuraman, M; Raethjen, J; Shibasaki, H",Evaluation of movement and brain activity,2021,10.1016/j.clinph.2021.04.023,English,exclude,review,exclude,review,,,,review
"Shah, VV; Curtze, C; Sowalsky, K; Arpan, I; Mancini, M; Carlson-Kuhta, P; El-Gohary, M; Horak, FB; McNames, J",Inertial Sensor Algorithm to Estimate Walk Distance,2022,10.3390/s22031077,English,,,,,,,,
"Gulde, P; Hermsdorfer, J; Rieckmann, P",Speed but Not Smoothness of Gait Reacts to Rehabilitation in Multiple Sclerosis0,2021,10.1155/2021/5589562,English,,,,,,,,
"Hsieh, KL; Chen, LJ; Sosnoff, JJ",Mobile Technology for Falls Prevention in Older Adults,NA,10.1093/gerona/glac116,English,,,exclude,review,,exclude,,review
"Kettlewell, J; Ward, A; das Nair, R; Radford, K",Brain-In-Hand technology for adults with acquired brain injury: A convergence of mixed methods findings,2022,10.1177/20556683221117759,English,exclude,no MS patient,exclude,out of scope (no MS patients,,,,out of scope
"Liu, AY; Han, JL; Nakano, A; Konno, H; Moriwaki, H; Abe, H; Izawa, K; Soloshonok, VA",New pharmaceuticals approved by FDA in 2020: Small-molecule drugs derived from amino acids and related compounds,2022,10.1002/chir.23376,English,exclude,review,exclude,review,,,,review
"Leon-Salas, B; Gonzalez-Hernandez, Y; Infante-Ventura, D; de Armas-Castellano, A; Garcia-Garcia, J; Garcia-Hernandez, M; Carmona-Rodriguez, M; Olazaran, J; Dobato, JL; Rodriguez-Rodriguez, L; Trujillo-Martin, MM",Telemedicine for neurological diseases: A systematic review and meta-analysis,NA,10.1111/ene.15599,English,exclude,review,exclude,review,,,,review
"Araujo, WS; Moura, IQ; Siqueira-Junior, A",Are PSoC Noise Levels Low Enough for Single-Chip Active EMU Electrodes?,2022,10.1007/978-3-030-70601-2_133,,,book,exclude,out of scope (by abstract it seems no patients but unsure),,exclude,,out of scope
"Moro, M; Pastore, VP; Tacchino, C; Durand, P; Blanchi, I; Moretti, P; Odone, F; Casadio, M",A markerless pipeline to analyze spontaneous movements of preterm infants,2022,10.1016/j.cmpb.2022.107119,English,exclude,no MS patient,exclude,out of scope (no MS patients,,,,out of scope
"Atkins, AS; Kraus, MS; Welch, M; Yuan, ZH; Stevens, H; Welsh-Bohmer, KA; Keefe, RSE","Remote self-administration of digital cognitive tests using the Brief Assessment of Cognition: Feasibility, reliability, and sensitivity to subjective cognitive decline",2022,10.3389/fpsyt.2022.910896,English,,,exclude,"out of scope (cognition, no MS patients?)",,exclude,,out of scope
"Scott, K; Bonci, T; Salis, F; Alcock, L; Buckley, E; Gazit, E; Hansen, C; Schwickert, L; Aminian, K; Bertuletti, S; Caruso, M; Chiari, L; Sharrack, B; Maetzler, W; Becker, C; Hausdorff, JM; Vogiatzis, I; Brown, P; Del Din, S; Eskofier, B; Paraschiv-Ionescu, A; Keogh, A; Kirk, C; Kluge, F; Mico-Amigo, EM; Mueller, A; Neatrour, I; Niessen, M; Palmerini, L; Sillen, H; Singleton, D; Ullrich, M; Vereijken, B; Froehlich, M; Brittain, G; Caulfield, B; Koch, S; Carsin, AE; Garcia-Aymerich, J; Kuederle, A; Yarnall, A; Rochester, L; Cereatti, A; Mazza, C","Design and validation of a multi-task, multi-context protocol for real-world gait simulation",2022,10.1186/s12984-022-01116-1,English,,,,,,,,
"Rohling, HM; Althoff, P; Arsenova, R; Drebinger, D; Gigengack, N; Chorschew, A; Kroneberg, D; Ronnefarth, M; Ellermeyer, T; Rosenkranz, SC; Heesen, C; Behnia, B; Hirano, S; Kuwabara, S; Paul, F; Brandt, AU; Schmitz-Hubsch, T",Proposal for Post Hoc Quality Control in Instrumented Motion Analysis Using Markerless Motion Capture: Development and Usability Study,2022,10.2196/26825,English,,,exclude,out of scope (no wearable),,exclude,,out of scope
"White, KM; Matcham, F; Leightley, D; Carr, E; Conde, P; Dawe-Lane, E; Ranjan, Y; Simblett, S; Henderson, C; Hotopf, M",Exploring the Effects of In-App Components on Engagement With a Symptom-Tracking Platform Among Participants With Major Depressive Disorder (RADAR-Engage): Protocol for a 2-Armed Randomized Controlled Trial,2021,10.2196/32653,English,exclude,no MS patient,exclude,out of scope,,,,out of scope
"Balasubramanian, GV; Beaney, P; Chambers, R",Digital personal assistants are smart ways for assistive technology to aid the health and wellbeing of patients and carers,2021,10.1186/s12877-021-02436-y,English,exclude,survey,exclude,out of scope,,,,out of scope
"Chen, W; Chen, SK; Liu, YH; Chen, YJ; Chen, CS",An Electric Wheelchair Manipulating System Using SSVEP-Based BCI System,2022,10.3390/bios12100772,English,exclude,no MS patient,exclude,out of scope,,,,out of scope
"Hausamann, P; Sinnott, CB; Daumer, M; MacNeilage, PR",Evaluation of the Intel RealSense T265 for tracking natural human head motion,2021,10.1038/s41598-021-91861-5,English,exclude,no MS patient,exclude,out of scope,,,,out of scope
"Shah, VV; Curtze, C; Mancini, M; Carlson-Kuhta, P; Nutt, JG; Gomez, CM; El-Gohary, M; Horak, FB; McNames, J",Inertial Sensor Algorithms to Characterize Turning in Neurological Patients With Turn Hesitations,2021,10.1109/TBME.2020.3037820,English,exclude,no MS patient,exclude,out of scope,,,,out of scope
"Rohling, HM; Otte, K; Rekers, S; Finke, C; Rust, R; Dorsch, EM; Behnia, B; Paul, F; Schmitz-Hubsch, T",RGB-Depth Camera-Based Assessment of Motor Capacity: Normative Data for Six Standardized Motor Tasks,2022,10.3390/ijerph192416989,English,exclude,camera based,exclude,out of scope (no wearable),,,,out of scope
"Meulenberg, CJW; de Bruin, ED; Marusic, U",A Perspective on Implementation of Technology-Driven Exergames for Adults as Telerehabilitation Services,2022,10.3389/fpsyg.2022.840863,English,exclude,perspective paper,exclude,review,,,,review
"Escobar-Linero, E; Dominguez-Morales, M; Sevillano, JL",Worker's physical fatigue classification using neural networks,2022,10.1016/j.eswa.2022.116784,English,exclude,no MS patient,exclude,out of scope,,,,out of scope
"Wehrle, K; Tozzi, V; Braune, S; Rossnagel, F; Dikow, H; Paddock, S; Bergmann, A; van Hovell, P","Implementation of a data control framework to ensure confidentiality, integrity, and availability of high-quality real-world data (RWD) in the NeuroTransData (NTD) registry",2022,10.1093/jamiaopen/ooac017,English,exclude,no wearable,exclude,out of scope,,,,out of scope
"Chowdhury, A; Kassem, H; Padoy, N; Umeton, R; Karargyris, A",A Review of Medical Federated Learning: Applications in Oncology and Cancer Research,2022,10.1007/978-3-031-08999-2_1,English,exclude,review,exclude,review,,,,review
"Kurelic, R; Krieg, PF; Sonner, JK; Bhaiyan, G; Ramos, GC; Frantz, S; Friese, MA; Nikolaev, VO",Upregulation of Phosphodiesterase 2A Augments T Cell Activation by Changing cGMP/cAMP Cross-Talk,2021,10.3389/fphar.2021.748798,English,exclude,out of scope,exclude,out of scope,,,,out of scope
"Chini, G; Fiori, L; Tatarelli, A; Varrecchia, T; Draicchio, F; Ranavolo, A",Indexes for motor performance assessment in job integration/reintegration of people with neuromuscular disorders: A systematic review,2022,10.3389/fneur.2022.968818,English,exclude,review,exclude,review,,,,review
"Morgan, A; Begin, D; Heisz, J; Tang, A; Thabane, L; Richardson, J",Measurement Properties of Remotely or Self-Administered Lower Extremity Mobility Performance Measures in Adults: A Systematic Review,2022,10.1093/ptj/pzac078,English,exclude,review,exclude,review,,,,review
"Jamali, F; Aldughmi, M; Khasawneh, MW; Dahbour, S; Salameh, AA; Awidi, A",A New Tool for Safety Evaluation and a Combination of Measures for Efficacy Assessment of Cotransplanting Human Allogenic Neuronal Stem Cells and Mesenchymal Stem Cells for the Treatment of Parkinson Disease: Protocol for an Interventional Study,2021,10.2196/29695,English,exclude,no MS patient,exclude,out of scope,,,,out of scope
"Cable, J; Leonard, JN; Lu, TK; Xie, Z; Chang, MW; Fernandez, LA; Lora, JM; Kaufman, HL; Quintana, FJ; Geiger, R; Lesser, CF; Lynch, JP; Hava, DL; Cornish, VW; Lee, GK; DiAndreth, B; Fero, M; Srivastava, R; De Coster, T; Roybal, KT; Rackham, OJL; Kiani, S; Zhu, I; Hernandez-Lopez, RA; Guo, TX; Chen, WCW",Synthetic biology: at the crossroads of genetic engineering and human therapeutics-a Keystone Symposia report,2021,10.1111/nyas.14710,English,exclude,out of scope,exclude,out of scope,,,,out of scope
"Young, HJ; Lai, B; Mehta, T; Thirumalai, M; Wilroy, J; Yates, A; Kane, B; Rimmer, JH",The movement-to-music (M2M) study: study protocol for a randomized controlled efficacy trial examining a rhythmic teleexercise intervention for people with physical disabilities,2021,10.1186/s13063-021-05751-2,English,,,exclude,protocol,,exclude,,out of scope
"Biousse, V; Danesh-Meyer, HV; Saindane, AM; Lamirel, C; Newman, NJ",Imaging of the optic nerve: technological advances and future prospects,2022,10.1016/S1474-4422(22)00173-9,English,exclude,out of scope,exclude,out of scope,,,,out of scope
"Prakash R.S., Manglani H.R., Duraney E.J., Shankar A., Fisher M.E., Janssen A., Cea L., Petosa R., Andridge R., Nicholas J.",TRACking health behaviors in people with Multiple Sclerosis (TRAC-MS): Study protocol and description of the study sample,2022,10.1016/j.conctc.2022.101006,English,exclude,study protocol,exclude,protocol,,,,out of scope
"Sun S., Folarin A.A., Zhang Y., Cummins N., Liu S., Stewart C., Ranjan Y., Rashid Z., Conde P., Laiou P., Sankesara H., Dalla Costa G., Leocani L., Sørensen P.S., Magyari M., Guerrero A.I., Zabalza A., Vairavan S., Bailon R., Simblett S., Myin-Germeys I., Rintala A., Wykes T., Narayan V.A., Hotopf M., Comi G., Dobson R.J.",The utility of wearable devices in assessing ambulatory impairments of people with multiple sclerosis in free-living conditions,2022,10.1016/j.cmpb.2022.107204,English,,,,,,,,
"Silveira S., Jeng B., Cutter G., Motl R.","Diet, Physical Activity, and Stress Among Wheelchair Users with Multiple Sclerosis: Examining Behavioral Risk Factors",2022,10.1016/j.apmr.2022.08.924,English,,,,,,,conference abstract,
"Sato S.D., Hiroi Y., Zoppo D., Buonaccorsi J., Miehm J.D., van Emmerik R.E.A.",Spatiotemporal gait changes in people with multiple sclerosis with different disease progression subtypes,2022,10.1016/j.clinbiomech.2022.105818,English,,,,,,,,
"Lam K.-H., Twose J., Lissenberg-Witte B., Licitra G., Meijer K., Uitdehaag B., De Groot V., Killestein J.",The Use of Smartphone Keystroke Dynamics to Passively Monitor Upper Limb and Cognitive Function in Multiple Sclerosis: Longitudinal Analysis,2022,10.2196/37614,English,,,,,,,,
"Guo C.C., Chiesa P.A., de Moor C., Fazeli M.S., Schofield T., Hofer K., Belachew S., Scotland A.",Digital Devices for Assessing Motor Functions in Mobility-Impaired and Healthy Populations: Systematic Literature Review,2022,10.2196/37683,English,exclude,review,exclude,review,,,,review
"Connaghan K., Green J., Haenssler A., Johnson S., Scheier Z., Keegan M., Clark A., Iyer A., Burke K., Berry J.",Longitudinal changes to communicative participation in ALS,2022,10.1080/21678421.2022.2120686,English,exclude,"no MS, conference abstract",exclude,conference abstract & out of scope,,,,out of scope
"Nix C., Ghassemi M., Crommen J., Fillet M.",Overview on microfluidics devices for monitoring brain disorder biomarkers,2022,10.1016/j.trac.2022.116693,English,exclude,review,exclude,review,,,,review
"Wieczorek E., Wygralak Z., Kędracka-Krok S., Bezara P., Bystranowska D., Dobryszycki P., Ożyhar A.",Deep blue autofluorescence reflects the oxidation state of human transthyretin,2022,10.1016/j.redox.2022.102434,English,exclude,out of scope,exclude,out of scope,,,,out of scope
"Salis F., Bonci T., Bertuletti S., Caruso M., Scott K., Buckley E., Alcock L., Del Din S., Rochester L., Gazit E., Hausdorff J.M., Hansen C., Maetzler W., Schwickert L., Becker C., Mazzà C., Cereatti A.",Performance of a multi-sensor wearable system for validating gait assessment: preliminary results on patients and healthy,2022,10.1016/j.gaitpost.2022.09.027,English,,,,,,,conference abstract,
"Bustos A.S.O., Tramontano M., Belluscio V., Bergamini E., Argento O., Bossa M., Piacentini C., Nocentini U., Vannozzi G.",Evaluating balance disorders with different levels of walking impairment in Multiple Sclerosis: correlation between IMU-based parameters and clinical scales,2022,10.1016/j.gaitpost.2022.09.014,English,,,,,,,conference abstract,
"De Angelis M., Belluscio V., Orejel-Bustos A., Tramontano M., Vannozzi G., Bergamini E.",Upper limb movement during locomotion in patients with neurological disorders: a wearable-based approach,2022,10.1016/j.gaitpost.2022.09.067,English,,,,,,,conference abstract,
"Montemurro R., Bergamini E., Orejel-Bustos A., Belluscio V., Tramontano M., Vannozzi G.",Gait smoothness using wearable sensors in patients with neurological disorders: a comparison of different metrics,2022,10.1016/j.gaitpost.2022.09.034,English,,,,,,,conference abstract,
"Mikolaizak A.S., Rochester L., Maetzler W., Sharrack B., Demeyer H., Mazzà C., Caulfield B., Garcia-Aymerich J., Vereijken B., Arnera V., Miller R., Piraino P., Ammour N., Gordon M.F., Troosters T., Yarnall A.J., Alcock L., Gaßner H., Winkler J., Klucken J., Schlenstedt C., Watz H., Kirsten A.-M., Vogiatzis I., Chynkiamis N., Hume E., Megaritis D., Nieuwboer A., Ginis P., Buckley E., Brittain G., Comi G., Leocani L., Helbostad J.L., Johnsen L.G., Taraldsen K., Blain H., Driss V., Frei A., Puhan M.A., Polhemus A., de Basea M.B., Gimeno E., Hopkinson N.S., Buttery S.C., Hausdorff J.M., Mirelman A., Evers J., Neatrour I., Singleton D., Schwickert L., Becker C., Jansen C.-P.",Connecting real-world digital mobility assessment to clinical outcomes for regulatory and clinical endorsement–the Mobilise-D study protocol,2022,10.1371/journal.pone.0269615,English,exclude,study protocol,exclude,protocol,,,,out of scope
"Moumdjian L., Smedal T., Christin Arntzen E., Van Der Linden M., Learmonth Y., Pedullà L., Tacchino A., Novotna K., Kalron A., Yazgan Y.Z., Nedeljkovic U., Kos D., Jonsdottir J., Santoyo-Medina C., Coote S.",The impact of COVID-19 pandemic on physical activity in persons with multiple sclerosis: an international RIMSSIG Mobility study,2022,10.1177/13524585221123687,English,exclude,"conference abstract, no wearable",exclude,conference abstract & out of scope,,,,out of scope
"Kramer J., Ruby K.",The rapid disability assessment for patients with relapsing forms of MS: a pilot study,2022,10.1177/13524585221123682,English,exclude,conference abstract,exclude,conference abstract,,,,abstract
"Bove R., Poole S., Cuneo R., Gupta S., Sabatino J., Harms M., Cooper T., Gomez R., McPolin K., Powers K., Lincoln R., Rowles W., Miller N., Caverzasi E., Santaniello A., Renschen A., Stern W., Bevan C., Gelfand J., Goodin D., Green A., Guo C.-Y., Henry R., Hollenbach J., Romeo A., Wilson M., Zamvil S., Hauser S., Cree B.",Remote observational research for MS: a natural experiment,2022,10.1177/13524585221123685,English,exclude,conference abstract,exclude,conference abstract,,,,abstract
"Panizzolo F.A., Cimino S., Pettenello E., Belfiore A., Petrone N., Marcolin G.",Effect of a passive hip exoskeleton on walking distance in neurological patients,2022,10.1080/10400435.2021.1880494,English,not sure,exoskeleton,duplicate,,yes,,,
"Rhaman M.M., Islam M.R., Akash S., Mim M., Noor alam M., Nepovimova E., Valis M., Kuca K., Sharma R.",Exploring the role of nanomedicines for the therapeutic approach of central nervous system dysfunction: At a glance,2022,10.3389/fcell.2022.989471,English,exclude,review out of scope,exclude,review,,,,review
"Hvid L.G., Stenager E., Dalgas U.","Objectively assessed physiological, physical, and cognitive function along with patient-reported outcomes during the first 2 years of Alemtuzumab treatment in multiple sclerosis: a prospective observational study",2022,10.1007/s00415-022-11134-7,English,,,,,,,,
"Cederberg K.L.J., Jeng B., Sasaki J.E., Motl R.W.",Physical Activity and Sedentary Behavior Timing in Fatigued and Nonfatigued Adults With Multiple Sclerosis,2022,10.1016/j.apmr.2021.12.022,English,,,,,,,,
"Lloyd L., Godwin B.",Recognising and mitigating the potential for diabetic emergencies in MRI,2022,10.1016/j.jmir.2022.04.003,English,exclude,"out of scope, narrative ",exclude,"case report, out of scope",,,,out of scope
"Lautman Z., Lev-Ari S.",The Use of Smart Devices for Mental Health Diagnosis and Care,2022,10.3390/jcm11185359,English,exclude,editorial,exclude,editorial,,,,letter
"Wang Q., Lu M., Zhu X., Gu X., Zhang T., Xia C., Yang L., Xu Y., Zhou M.",The role of microglia immunometabolism in neurodegeneration: Focus on molecular determinants and metabolic intermediates of metabolic reprogramming,2022,10.1016/j.biopha.2022.113412,English,exclude,review out of scope,exclude,"review, out",,,,review
"Spanakis M., Xylouri I., Patelarou E., Patelarou A.",A Literature Review of High-Tech Physiotherapy Interventions in the Elderly with Neurological Disorders,2022,10.3390/ijerph19159233,English,exclude,review,exclude,review,,,,review
"Daly J.J., McCabe J.P., Gor-García-Fogeda M.D., Nethery J.C.","Update on an Observational, Clinically Useful Gait Coordination Measure: The Gait Assessment and Intervention Tool (G.A.I.T.)",2022,10.3390/brainsci12081104,English,exclude,"brief report, no data",exclude,no data,,,,letter
"Majdinasab M., Marty J.L.",Recent Advances in Electrochemical Aptasensors for Detection of Biomarkers,2022,10.3390/ph15080995,English,exclude,out of scope,exclude,"Review, out of scope",,,,review
"Luo S., Liang Y., Wong T.H.T., Schooling C.M., Au Yeung S.L.",Identifying factors contributing to increased susceptibility to COVID-19 risk: A systematic review of Mendelian randomization studies,2022,10.1093/ije/dyac076,English,exclude,review out of scope,exclude,review,,,,review
"Panisset M.G., Cofré Lizama L.E., Peng L., Galea M.P.",Non-linear Measures of Gait Adaptability in Multiple Sclerosis - Sensitivity and Neurological Correlates,2022,10.1101/2022.07.06.22277289,English,exclude,pre print?,exclude,preprint,,,,preprint
"Spreadbury J.H., Young A., Kipps C.M.",A Comprehensive Literature Search of Digital Health Technology Use in Neurological Conditions: Review of Digital Tools to Promote Self-management and Support,2022,10.2196/31929,English,exclude,review,exclude,review,,,,review
"Gassama S., Nicolas P., Souquieres L., Høgestøl E.A., Akhmadeev K., Bos Haugen S., Flinstad Harbo H., Desterke C., Simon F., Moussaoui S., Laplaud D., Gourraud P.",Introduction of A Connected Armband in the Neurological Examination - Beyond the Neurologist's Eye in Multiple Sclerosis,2022,10.1111/ene.15465,English,exclude,conference abstract (no sufficient data),exclude,conference abstract,,,,abstract
Dumitrascu D.,ALAMEDA - a new dawn in predicting brain disease aggravation,2022,10.1111/ene.15466,,,not found?,exclude,conference abstract,yes,exclude,,
"Minguillon J., Volosyak I., Guger C., Tangermann M., Lopez M.A.",Editorial: Brain-Computer Interfaces: Novel Applications and Interactive Technologies,2022,10.3389/fncom.2022.939202,English,exclude,editorial,exclude,editorial,,,,letter
"Proschinger S., Kuhwand P., Rademacher A., Walzik D., Warnke C., Zimmer P., Joisten N.","Fitness, physical activity, and exercise in multiple sclerosis: a systematic review on current evidence for interactions with disease activity and progression",2022,10.1007/s00415-021-10935-6,English,exclude,review,exclude,review,,,,review
"Ramirez-Zamora A., Giordano J., Halpern C., Butson C., Okun M.S.","Editorial: Deep Brain Stimulation Think Tank: Updates in Neurotechnology and Neuromodulation, Volume II",2022,10.3389/fnhum.2022.912730,English,exclude,editorial,exclude,editorial,,,,letter
"Ostellino S., Benso A., Politano G.",The integration of clinical data in the assessment of multiple sclerosis – A review,2022,10.1016/j.cmpb.2022.106900,English,exclude,review,exclude,review,,,,review
"Cree B.A.C., Hartung H.-P., Barnett M.",New drugs for multiple sclerosis: New treatment algorithms,2022,10.1097/WCO.0000000000001063,English,exclude,review,exclude,review,,,,review
"Stuart C.M., Philip S., Galea I.",PHYSICAL ACTIVITY MONITORING TO ASSESS DISABILITY PROGRESSION IN MULTIPLE SCLEROSIS,2022,10.1136/jnnp-2022-ABN.43,English,exclude,conference abstract (no sufficient data),exclude,conference abstract,,,,abstract
"Van Laethem D., Denissen S., Costers L., Descamps A., D'Hooghe M.B., D'haeseleer M., Van Remoortel A., Van Merhaegen-Wieleman A., Grothe M., Penner I.K., Sima D.M., Van Schependom J., Nagels G.",Icognition - towards telemonitoring of cognitive performance in multiple sclerosis,2022,10.1177/13524585221100731,English,exclude,conference abstract (no sufficient data),exclude,"conference abstract, out of scope",,,,abstract
"Mikolaizak A.S., Rochester L., Maetzler W., Sharrack B., Demeyer H., Mazzà C., Caulfield B., Garcia-Aymerich J., Vereijken B., Arnera V., Miller R., Piraino P., Ammour N., Gordon M.F., Troosters T., Yarnall A.J., Alcock L., Gaßner H., Winkler J., Klucken J., Schlenstedt C., Watz H., Kirsten A.-M., Vogiatzis I., Chynkiamis N., Hume E., Megaritis D., Nieuwboer A., Ginis P., Buckley E., Brittain G., Comi G., Leocani L., Helbostad J.L., Johnsen L.G., Taraldsen K., Blain H., Driss V., Frei A., Puhan M.A., Polhemus A., de Basea M.B., Gimeno E., Hopkinson N.S., Buttery S.C., Hausdorff J.M., Mirelman A., Evers J., Neatrour I., Singleton D., Schwickert L., Becker C., Jansen C.-P.",Connecting real-world digital mobility assessment to clinical outcomes for regulatory and clinical endorsement – the Mobilise-D study protocol.,2022,10.1101/2022.05.25.22275598,English,exclude,study protocol,exclude,protocol,,,,out of scope
"Beyrampour-Basmenj H., Pourhassan-Moghamddam M., Nakhjavani S.A., Faraji N., Alivand M., Zarghami N., Talebi M., Rahmati M., Ebrahimi-Kalan A.",Sensitive and convenient detection of miRNA-145 using a gold nanoparticle-HCR coupled system: computational and in vitro validations,2022,10.1109/TNB.2022.3170530,English,exclude,out of scope,exclude,out of scope,,,,out of scope
"Dumitrascu D., Ioan P., Badea R., Ribigan A., Antochi F.",ALAMEDA - A SYSTEM DESIGNED TO OPEN NEW AVENUES IN PATIENTS' REHABILITATION AFTER STROKE,2022,10.1177/23969873221087559,English,exclude,conference abstract,exclude,"conference abstract, out of scope",,,,abstract
"von Au A., Wallwiener S., Matthies L.M., Friedrich B., Keim S., Wallwiener M., Reisenauer C., Brugger S.",The burden of incontinence in a real-world data environment—insights from a digital patient companion,2022,10.1007/s00192-021-04683-4,English,exclude,no MS,exclude,out of scope,,,,out of scope
"Fisher L.E., Kämmerling L., Alexander M.R., Ghaemmaghami A.M.",Immune-instructive materials as new tools for immunotherapy,2022,10.1016/j.copbio.2021.11.005,English,exclude,opinion out of scope,exclude,review,,,,review
"Higa A.M., Moraes A.S., Shimizu F.M., Bueno R.G., Peroni L.A., Strixino F.T., Sousa N.A.C., Deffune E., Bovolato A.L.C., Oliveira O.N., Brum D.G., Leite F.L.",Anti-aquaporin-4 immunoglobulin G colorimetric detection by silver nanoparticles,2022,10.1016/j.nano.2022.102531,English,exclude,out of scope,exclude,out of scope,,,,out of scope
"Mitra N., Gurdib Singh N.S., Binti Wadingasafi N.A., Chellian J.",Locomotor and histological changes in a cuprizone-induced animal model of multiple sclerosis: Comparison between alpha-tocopherol and fingolimod,2022,10.4103/1735-5362.335172,English,exclude,out of scope,exclude,out of scope,,,,out of scope
Leong K.,DESIGN OF BIOMATERIALS TO MODULATE INFLAMMATION,2022,10.1089/ten.tea.2022.29025.abstracts,English,exclude,conference abstract,exclude,conference abstract,,,,abstract
"Jeyalatha M.V., Therese K.L., Anand A.R.",An Update on the Laboratory Diagnosis of Neuromyelitis Optica Spectrum Disorders,2022,10.3988/jcn.2022.18.2.152,English,exclude,review,exclude,review,,,,review
"Creagh A.P., Dondelinger F., Lipsmeier F., Lindemann M., De Vos M.",LONGITUDINAL TREND MONITORING OF MULTIPLE SCLEROSIS AMBULATION USING SMARTPHONES,2022,10.1101/2022.02.21.22270745,English,exclude,preprint?,exclude,preprint,,,,preprint
"Ryan L., Mills K.H.G.",Sex differences regulate immune responses in experimental autoimmune encephalomyelitis and multiple sclerosis,2022,10.1002/eji.202149589,English,exclude,review,exclude,review,,,,review
Singh S.K.,The analysis of a subset of HLA region associations in type 1 diabetes and multiple sclerosis suggests the involvement mechanisms other than antigen presentation in the pathogenesis,2022,10.1016/j.imu.2021.100831,English,exclude,out of scope,exclude,out of scope,,,,out of scope
"Kalra G., Rout S., Jain A., Kumar A., Giri J., Rai H.M.",Artificial Intelligence in Healthcare-A Survey,2022,10.14704/nq.2022.20.7.NQ33071,English,exclude,survey,exclude,survy,,,,out of scope
"Halioua B., Astruc A., Gourdon M., Bombezin-Domino A., Radoszycki L.",POSA363 Lasting Impacts of the COVID-19 Pandemic on Patients Affected By Chronic Diseases in Europe,2022,10.1016/j.jval.2021.11.1074,English,exclude,"conference abstarct, no MS",exclude,conference abstract,,,,abstract
Mertz L.,New Biomed-Tech Advances Poised to Change the Future,2022,10.1109/MPULS.2022.3145605,English,exclude,opinion,exclude,opinion,,,,letter
"Shahmoradi L., Mohammadian F., Rahmani Katigari M.",A Systematic Review on Serious Games in Attention Rehabilitation and Their Effects,2022,10.1155/2022/2017975,English,exclude,review,exclude,review,,,,review
"Hossain M.A., Al Amin M., Hasan M.I., Sohel M., Ahammed M.A., Mahmud S.M.H., Rahman M.R., Rahman M.H.","Bioinformatics and system biology approaches to identify molecular pathogenesis of polycystic ovarian syndrome, type 2 diabetes, obesity, and cardiovascular disease that are linked to the progression of female infertility",2022,10.1016/j.imu.2022.100960,English,exclude,out of scope,exclude,out of scope,,,,out of scope
"Greene N., Araujo L., Campos C., Dalglish H., Gibbs S., Yermilov I.",The Economic and Humanistic Burden of Pediatric-Onset Multiple Sclerosis,2022,10.36469/001c.37992,English,exclude,review,exclude,review,,,,review
"Cicirelli G., Impedovo D., Dentamaro V., Marani R., Pirlo G., D'Orazio T.R.",Human Gait Analysis in Neurodegenerative Diseases: A Review,2022,10.1109/JBHI.2021.3092875,English,exclude,review,exclude,review,,,,review
"Cruz A., Abreu C.M., Freitas P.P., Mendes Pinto I.",Impedimetric Immunosensing for Neuroinflammatory Biomarker Profiling,2022,10.1007/978-1-0716-1712-0_14,English,exclude,out of scope,exclude,out of scope,,,,out of scope
"Andersen L.K., Vissing J.",Habitual Physical Activity in Patients with Myasthenia Gravis Assessed by Accelerometry and Questionnaire,2022,10.3233/JND-210693,English,exclude,no MS,exclude,out of scope,,,,out of scope
"Dorstyn D., Oxlad M., Roberts R., Murphy G., Potter E., Kneebone I., Craig A.",MS JobSeek: A pilot randomized controlled trial of an online peer discussion forum for job-seekers with multiple sclerosis,2022,10.3233/JVR-211174,English,exclude,out of scope,exclude,out of scope,,,,out of scope
"Pham L., Harris T., Varosanec M., Morgan V., Kosa P., Bielekova B.",Smartphone-based symbol-digit modalities test reliably captures brain damage in multiple sclerosis,2021,10.1038/s41746-021-00401-y,English,exclude,out of scope,exclude,out of scope,yes,,,
"Zhou Y., Tao L., Zhou X., Zuo Z., Gong J., Liu X., Zhou Y., Liu C., Sang N., Liu H., Zou J., Gou K., Yang X., Zhao Y.",DHODH and cancer: promising prospects to be explored,2021,10.1186/s40170-021-00250-z,English,exclude,review out of scope,exclude,"Review, out of scope",,,,review
"Nakajima T., Sankai Y., Takata S., Kobayashi Y., Ando Y., Nakagawa M., Saito T., Saito K., Ishida C., Tamaoka A., Saotome T., Ikai T., Endo H., Ishii K., Morita M., Maeno T., Komai K., Ikeda T., Ishikawa Y., Maeshima S., Aoki M., Ito M., Mima T., Miura T., Matsuda J., Kawaguchi Y., Hayashi T., Shingu M., Kawamoto H.","Cybernic treatment with wearable cyborg Hybrid Assistive Limb (HAL) improves ambulatory function in patients with slowly progressive rare neuromuscular diseases: a multicentre, randomised, controlled crossover trial for efficacy and safety (NCY-3001)",2021,10.1186/s13023-021-01928-9,English,exclude,no MS,exclude,out of scope,,,,out of scope
"Chan A.H.Y., Pleasants R.A., Dhand R., Tilley S.L., Schworer S.A., Costello R.W., Merchant R.",Digital Inhalers for Asthma or Chronic Obstructive Pulmonary Disease: A Scientific Perspective,2021,10.1007/s41030-021-00167-4,English,exclude,perspective,exclude,perspective out of scope,,,,out of scope
"Prange-Lasonder G.B., Alt Murphy M., Lamers I., Hughes A.-M., Buurke J.H., Feys P., Keller T., Klamroth-Marganska V., Tarkka I.M., Timmermans A., Burridge J.H.","European evidence-based recommendations for clinical assessment of upper limb in neurorehabilitation (CAULIN): data synthesis from systematic reviews, clinical practice guidelines and expert consensus",2021,10.1186/s12984-021-00951-y,English,exclude,review,exclude,review,,,,review
"Tanaka K., Kitagawa Y., Hori K., Kinoshita M., Tanaka M.",Evaluation of the concordance between GluN1-GluN2 heteromer live-cell-based assay and GluN1 monomer biochip kit assay on anti-NMDAR autoantibody detection,2021,10.1016/j.jim.2021.113150,English,exclude,no MS out of scope,exclude,out of scope,,,,out of scope
Pochon S.,"37th Congress of the European Committee for Treatment and Research in Multiple Sclerosis (ECTRIMS 2021): 13–15 October, 2021",2021,10.1007/s40290-021-00411-x,English,exclude,meeting report,exclude,no data,,,,out of scope
"Silveira S.L., Cederberg K.L.J., Jeng B., Sikes E.M., Sandroff B.M., Jones C.D., Motl R.W.",Do physical activity and social cognitive theory variable scores differ across symptom cluster severity groups in multiple sclerosis?,2021,10.1016/j.dhjo.2021.101163,English,,,,,,,,
"Ojo E.S., Tischkau S.A.",The role of ahr in the hallmarks of brain aging: Friend and foe,2021,10.3390/cells10102729,English,exclude,review out of scope,exclude,review,,,,review
"Völker J.M., Kiricenko I., Burke N.",Path feel smart insoles are a reliable tool to estimate gait parameters for monitoring multiple sclerosis patients progression,2021,10.1016/j.jns.2021.118174,English,exclude,"no MS, case report",exclude,out of scope,,,,out of scope
Feys P.,Robot-assisted rehabilitation in multiple sclerosis,2021,10.1177/13524585211044647,English,exclude,conference abstract,exclude,conference abstract,,,,abstract
"Van Dam M., Sikkes S.A., Rammeloo E., Reinders E., Jelgerhuis J.R., Geurts J.J., Uitdehaag B.M., Hulst H.E.",Cognitive functioning in everyday life: The development of a questionnaire on instrumental activities of daily living in multiple sclerosis,2021,10.1177/13524585211044667,English,exclude,conference abstract,exclude,conference abstract,,,,abstract
"Fox R., Peelen E., Ondruš M., Muehler A.",Relationship between neurofilament light chain and disease activity in relapsing MS: Observations from a phase II trial of IMU-838,2021,10.1177/13524585211047080,English,exclude,conference abstract,exclude,conference abstract,,,,abstract
"Guerrero J.M., Aguirre F.S., Mota M.L., Carrillo A.",Advances for the Development of In Vitro Immunosensors for Multiple Sclerosis Diagnosis,2021,10.1007/s13206-021-00018-z,English,exclude,review out of scope,exclude,"Review, out of scope",yes,,,
"Barros D., Borges-Machado F., Andrade da Silva W., Nascimento A., Carvalho J., Bohn L.",Different subjective and objective measures and cut-points of physical activity in frailty phenotype screening: A need for standardization?,2021,10.1016/j.archger.2021.104479,English,exclude,no MS,exclude,out of scope,,,,out of scope
"Lu H., Wu P.-F., Li R.-Z., Zhang W., Huang G.-X.",Relationships between accelerometer-measured and multiple sclerosis: a 2-sample Mendelian randomization study,2021,10.1007/s10072-020-04953-x,English,,,exclude,"out of scope (accelerometry in general population (UK Biobank), not MS specific)",yes,exclude,,
"Andreu-Caravaca L., Ramos-Campo D., Manonelles P., Abellán-Aynés O., Chung L.H., Rubio-Arias J.Á.","Effect of COVID-19 home confinement on sleep monitorization and cardiac autonomic function in people with multiple sclerosis: A prospective cohort study(,)",2021,10.1016/j.physbeh.2021.113392,English,exclude,out of scope,exclude,out of scope,,,,out of scope
"Melton T., Jasmin H., Johnson H.F., Coley A., Duffey S., Renfro C.P.",Describing the delivery of clinical pharmacy services via telehealth: A systematic review,2021,10.1002/jac5.1486,English,exclude,review,exclude,review,,,,review
"Lam K.H., Meijer K.A., Loonstra F.C., Coerver E.M.E., Twose J., Redeman E., Moraal B., Barkhof F., de Groot V., Uitdehaag B.M.J., Killestein J.",Real-world keystroke dynamics are a potentially valid biomarker for clinical disability in multiple sclerosis,2021,10.1177/1352458520968797,English,exclude,out of scope,duplicate,,yes,,,
"Shimizu K., Agata K., Takasugi S., Goto S., Narita Y., Asai T., Magata Y., Oku N.",New strategy for MS treatment with autoantigen-modified liposomes and their therapeutic effect,2021,10.1016/j.jconrel.2021.05.027,English,exclude,out of scope,exclude,out of scope,,,,out of scope
"Negaresh R., Gharakhanlou R., Sahraian M.A., Abolhasani M., Motl R.W., Zimmer P.",Physical activity may contribute to brain health in multiple sclerosis: An MR volumetric and spectroscopy study,2021,10.1111/jon.12869,English,,,,,,,,
"Richmond S.B., Fling B.W., Lee H., Peterson D.S.",The assessment of center of mass and center of pressure during quiet stance: Current applications and future directions,2021,10.1016/j.jbiomech.2021.110485,English,exclude,perspective article,exclude,review,,,,review
"De Angelis M., Lavorgna L., Carotenuto A., Petruzzo M., Lanzillo R., Morra V.B., Moccia M.",Digital technology in clinical trials for multiple sclerosis: Systematic review,2021,10.3390/jcm10112328,English,exclude,review,exclude,review,,,,review
"Swanson C.W., Richmond S.B., Sharp B.E., Fling B.W.",Middle-age people with multiple sclerosis demonstrate similar mobility characteristics to neurotypical older adults,2021,10.1016/j.msard.2021.102924,English,,,,,,,,
"Cohen M., Fakir S., Mondot L., Landes C., Lebrun C.",Digital biomarkers can highlight subtle clinical differences in radiologically isolated syndrome compared to healthy controls,2021,10.1016/j.msard.2021.102993,English,exclude,no MS? out of scope?,,,,keep,conference abstract,
"Oldrati P., Hilty M., Lutterotti A., Barrios L.",Heart-rate variability measured with wearable sensors is associated with disability status in multiple sclerosis,2021,10.1111/ene.14973,English,exclude,out of scope,exclude,conference abstract,,,,abstract
"Lam K., Hoeijmakers A., Licitra G., Meijer K., Killestein J.",Real-world smartphone keyboard interactions discriminates between different levels of disability in multiple sclerosis,2021,10.1111/ene.14974,English,exclude,out of scope,exclude,conference abstract,,,,abstract
Naegelin Y.,Virtual monitoring of MS patients by digital biomarkers-lessons learned from the COVID-19-pandemic,2021,10.1111/ene.14969,English,exclude,out of scope? paper from Yvonne,exclude,conference abstract,,,,abstract
"Gulde P., Hermsdörfer J., Rieckmann P.",Inpatient rehabilitation: Prediction of changes in sensorimotor performance in multiple sclerosis: A pilot study,2021,10.3390/jcm10102177,English,,,,,,,,
"Cohen M., Mondot L., Fakir S., Landes C., Lebrun C.",Digital biomarkers can highlight subtle clinical differences in radiologically isolated syndrome compared to healthy controls,2021,10.1007/s00415-020-10276-w,English,exclude,duplicate,,,yes,exclude,,
"Bose S., Mishra S.K.","Mobile phone utility and its effects on health among medical students in Rajahmundry, Andhra Pradesh",2021,10.37506/ijfmt.v15i2.14405,English,exclude,no MS out of scope,exclude,out of scope,,,,out of scope
"Xiang X.M., Bernard J.",Telehealth in Multiple Sclerosis Clinical Care and Research,2021,10.1007/s11910-021-01103-4,English,exclude,review,exclude,review,,,,review
"Mo J., Priefer R.",Medical Devices for Tremor Suppression: Current Status and Future Directions,2021,10.3390/bios11040099,English,exclude,review,exclude,review,,,,review
Mark V.W.,Retention of Physical Gains in the Community following Physical Training for Multiple Sclerosis: A Systematic Review and Implications,2021,10.1055/s-0041-1725139,English,exclude,review,exclude,review,,,,review
"Goyal A., Goetz S., Stanslaski S., Oh Y., Rusheen A.E., Klassen B., Miller K., Blaha C.D., Bennet K.E., Lee K.",The development of an implantable deep brain stimulation device with simultaneous chronic electrophysiological recording and stimulation in humans,2021,10.1016/j.bios.2020.112888,English,exclude,no MS? out of scope?,exclude,out of scope,,,,out of scope
"Pau M., Porta M., Coghe G., Cocco E.",What gait features influence the amount and intensity of physical activity in people with multiple sclerosis?,2021,10.1097/MD.0000000000024931,English,,,duplicate,,yes,,,
"Abbadessa G., Lavorgna L., Miele G., Mignone A., Signoriello E., Lus G., Clerico M., Sparaco M., Bonavita S.",Assessment of multiple sclerosis disability progression using a wearable biosensor: A pilot study,2021,10.3390/jcm10061160,English,,,duplicate,already selected in first search,yes,,,
"Rooney S., Riemenschneider M., Dalgas U., Jørgensen M.-L.K., Michelsen A.-S., Brønd J.C., Hvid L.G.",Physical activity is associated with neuromuscular and physical function in patients with multiple sclerosis independent of disease severity,2021,10.1080/09638288.2019.1634768,English,,,duplicate,,yes,,,
"Creagh A.P., Simillion C., Bourke A.K., Scotland A., Lipsmeier F., Bernasconi C., Van Beek J., Baker M., Gossens C., Lindemann M., De Vos M.",Smartphone-and Smartwatch-Based Remote Characterisation of Ambulation in Multiple Sclerosis during the Two-Minute Walk Test,2021,10.1109/JBHI.2020.2998187,English,,,duplicate,,yes,,,
"Shah V.V., McNames J., Harker G., Curtze C., Carlson-Kuhta P., Spain R.I., El-Gohary M., Mancini M., Horak F.B.",Does gait bout definition influence the ability to discriminate gait quality between people with and without multiple sclerosis during daily life?,2021,10.1016/j.gaitpost.2020.11.024,English,,,duplicate,already selected in first search,yes,,,
"Hsieh K.L., Sosnoff J.J.",Smartphone accelerometry to assess postural control in individuals with multiple sclerosis,2021,10.1016/j.gaitpost.2020.11.011,English,,,duplicate,already selected in first search,yes,,,
"Cheng W.-Y., Bourke A.K., Lipsmeier F., Bernasconi C., Belachew S., Gossens C., Graves J.S., Montalban X., Lindemann M.",U-turn speed is a valid and reliable smartphone-based measure of multiple sclerosis-related gait and balance impairment,2021,10.1016/j.gaitpost.2020.11.025,English,,,duplicate,already selected in first search,yes,,,
Can Demirdöğen B.,A literature review of biosensors for multiple sclerosis: Towards personalized medicine and point-of-care testing,2021,10.1016/j.msard.2020.102675,English,exclude,review,exclude,review,yes,,,
"Abonie U.S., Hettinga F.J.",Effect of a tailored activity pacing intervention on fatigue and physical activity behaviours in adults with multiple sclerosis,2021,10.3390/ijerph18010017,English,,,duplicate,already selected in first search,yes,,,
"Quinzi V., Paskay L.C., Manenti R.J., Giancaspro S., Marzo G., Saccomanno S.",Telemedicine for a multidisciplinary assessment of orofacial pain in a patient affected by eagle’s syndrome: A clinical case report,2021,10.2174/1874210602115010102,English,exclude,review/case report,exclude,case report,,,,out of scope
"Ettema A.R., Lenders M.W.P.M., Vliegen J., Slettenaar A., Tjepkema-Cloostermans M.C., de Vos C.C.","Detecting multiple sclerosis via breath analysis using an eNose, a pilot study",2021,10.1088/1752-7163/abd080,English,exclude,out of scope,exclude,out of scope,,,,out of scope
"Eldemir K., Guclu-Gunduz A., Ozkul C., Eldemir S., Soke F., Irkec C.",Associations between fatigue and physical behavior in patients with multiple sclerosis with no or minimal disability,2021,10.1080/21641846.2021.1923995,English,,,,,,,,
"Almsned F., Lipsky R.H., Jafri M.S.",Transcriptomic analysis of Multiple Sclerosis patient-derived monocytes by RNA-Sequencing for candidate gene discovery,2021,10.1016/j.imu.2021.100563,English,exclude,review out of scope,exclude,out of scope,,,,out of scope
"Shafi A.S.M., Rahman M.B., Anwar T., Halder R.S., Kays H.M.E.",Classification of brain tumors and auto-immune disease using ensemble learning,2021,10.1016/j.imu.2021.100608,English,exclude,out of scope,exclude,out of scope,,,,out of scope
"Alghamdi M.F., Redwan E.M.",Advances in the diagnosis of autoimmune diseases based on citrullinated peptides/proteins,2021,10.1080/14737159.2021.1933946,English,exclude,review out of scope,exclude,"Review, out of scope",,,,review
"Dhalluin T., Fakhiri S., Bouzillé G., Herbert J., Rosset P., Cuggia M., Grammatico-Guillon L.",Role of real-world digital data for orthopedic implant automated surveillance: a systematic review,2021,10.1080/17434440.2021.1943361,English,exclude,review,exclude,"Review, out of scope",,,,review
"Amato A., Messina G., Feka K., Genua D., Ragonese P., Kostrzewa-Nowak D., Fischetti F., Iovane A., Proia P.",Taopatch(®) combined with home-based training protocol to prevent sedentary lifestyle and biochemical changes in MS patients during COVID-19 pandemic,2021,10.4081/ejtm.2021.9877,English,,"not sure, does that really assess motor function?",exclude,out of scope,,exclude,,out of scope
"Krhut J., Peter L., Rejchrt M., Slovak M., Skugarevska B., Zvara P.",Peroneal Electric Transcutaneous NeuroModulation (eTNM(®)): A Novel Method for the Treatment of the Overactive Bladder,2021,10.1155/2021/4016346,English,exclude,out of scope,exclude,out of scope,,,,out of scope
"Aoki S., Fujimori J., Mikami R., Hoshi K., Kawakami J., Sato K., Nakashima I.",Assisting the diagnosis of multiple sclerosis using a set of regional brain volumes: A classification model for patients and healthy controls,2021,10.1016/j.imu.2021.100766,English,exclude,out of scope,exclude,out of scope,,,,out of scope
"Wang C., Peng L., Hou Z.-G., Zhang P.",The Assessment of Upper-Limb Spasticity Based on a Multi-Layer Process Using a Portable Measurement System,2021,10.1109/TNSRE.2021.3121780,English,exclude,no MS,exclude,out of scope,,,,out of scope
"Prochazka A., Dostal O., Cejnar P., Mohamed H.I., Pavelek Z., Valis M., Vysata O.",Deep Learning for Accelerometric Data Assessment and Ataxic Gait Monitoring,2021,10.1109/TNSRE.2021.3051093,English,,,,,,,,
"Duque E., Trefftz H., Srivastava S.",Objective assessments of human motor ability of the upper limb: A systematic review,2021,10.3233/TAD-200263,English,exclude,review,exclude,review,,,,review
"Fagherazzi G., Fischer A., Ismael M., Despotovic V.",Voice for Health: The Use of Vocal Biomarkers from Research to Clinical Practice,2021,10.1159/000515346,English,exclude,review out of scope,exclude,review,,,,review
"Carswell C., Rea P.M.",What the Tech? The Management of Neurological Dysfunction Through the Use of Digital Technology,2021,10.1007/978-3-030-61125-5_7,English,exclude,review out of scope,exclude,review,,,,review
"Rice D.R., Kaplan T.B., Hotan G.C., Vogel A.C., Matiello M., Gillani R., Hutto S.K., Ham A., Klawiter E., George I., Galetta K., Mateen F.J.",Electronic Pill Bottle Monitoring to Promote Medication Adherence for People with Multiple Sclerosis: A Randomized Virtual Clinical Trial,2021,10.1177/13524585211015908,English,exclude,conference abstract,exclude,conference abstract,,,,abstract
"Huang S.-C., Guerrieri S., Dalla Costa G., Pisa M., Leccabue G., Gregoris L., Comi G., Leocani L.","Intensive Neurorehabilitation and Gait Improvement in Progressive Multiple Sclerosis: Evidence from Clinical, Kinematic, and Electromyographic Analyses",2021,10.1177/13524585211053237,English,exclude,conference abstract,exclude,conference abstract,,,,abstract
"Fox, F.A.U., Diers, K., Lee, H., Mayr, A., Reuter, M., Breteler, M.M.B., Aziz, N.A.",Association Between Accelerometer-Derived Physical Activity Measurements and Brain Structure: A Population-Based Cohort Study,2022,10.1212/WNL.0000000000200884,English,exclude,no MS,exclude,out of scope,,,,out of scope
"Singh, R., Pandey, S.",Movement disorder in demyelinating disease: Tracing the Charcot's foot print,2022,10.4103/aian.aian_64_22,English,exclude,review out of scope,exclude,review,,,,review
"Seals, A., Pilloni, G., Kim, J., Sanchez, R., Rizzo, J.-R., Charvet, L., Nov, O., Dove, G.",Are They Doing Better In The Clinic Or At Home?': Understanding Clinicians' Needs When Visualizing Wearable Sensor Data Used In Remote Gait Assessments For People With Multiple Sclerosis,2022,10.1145/3491102.3501989,English,,,,,,,out of scope (survey),
"Hsieh, K.L., Frechette, M.L., Fanning, J., Chen, L., Griffin, A., Sosnoff, J.J.",The Developments and Iterations of a Mobile Technology-Based Fall Risk Health Application,2022,10.3389/fdgth.2022.828686,English,exclude,review,exclude,review,,,,review
"Lam, J.S., Hasan, M.R., Ahmed, K.A., Hossain, M.Z.",Machine Learning to Diagnose Neurodegenerative Multiple Sclerosis Disease,2022,10.1007/978-981-19-8234-7_20,English,,,,,,,,
"Chen, M.H., Leow, A., Ross, M.K., DeLuca, J., Chiaravalloti, N., Costa, S.L., Genova, H.M., Weber, E., Hussain, F., Demos, A.P.",Associations between smartphone keystroke dynamics and cognition in MS,2022,10.1177/20552076221143234,English,exclude,out of scope,exclude,out of scope,,,,out of scope
"Urosevic, V., Dagliati, A., Ottaviano, M., Vojicic, N., Larizza, C., Pala, D.",Design and Optimization of REST Services for Performance and Scalability in Provision of Big Environmental Data to Exploratory Analytics of their Effects on Progression of ALS and MS,2022,10.1109/ICCE-Berlin56473.2022.9937100,English,exclude,out of scope,exclude,no patient data,,,,out of scope
"Zou, J., Zhang, Q.",eyeSay: Brain Visual Dynamics Decoding With Deep Learning &amp Edge Computing,2022,10.1109/TNSRE.2022.3193714,English,exclude,no MS,exclude,out of scope,,,,out of scope
"Gonzalez-Martinez, S., Cabrera-Umpiérrez, M.F., Ottaviano, M., Urošević, V., Vojičić, N., Spasojević, S., Milićević, O.",Novel Interactive BRAINTEASER Tools for Amyotrophic Lateral Sclerosis (ALS) and Multiple Sclerosis (MS) Management,2022,10.1007/978-3-031-09593-1_26,English,,,exclude,no patient data,,exclude,,out of scope
"Fuchs, T.A., III, M.G.J., Youngs, M., Abdel-Kerim, O., Wojcik, C., Weinstock-Guttman, B., Benedict, R.H.B.",Preliminary Support of a Behavioral Intervention for Trait Conscientiousness in Multiple Sclerosis,2022,10.7224/1537-2073.2021-005,English,exclude,out of scope,exclude,out of scope,,,,out of scope
"Guo, G., Zhang, H., Yao, L., Li, H., Xu, C., Li, Z., Xu, W.",MSLife- Digital behavioral phenotyping of multiple sclerosis symptoms in the wild usingwearables and graph-based statistical analysis,2021,10.1145/3494970,English,,,,,,,,
"Alexander, S., Peryer, G., Gray, E., Barkhof, F., Chataway, J.",Wearable technologies to measure clinical outcomes in multiple sclerosis: A scoping review,2021,10.1177/1352458520946005,English,exclude,review,duplicate,,yes,,,
"Adam, V., Havlík, J.",Parameterization of the tremor signal from accelerometers in multiple sclerosis,2021,10.23919/AE51540.2021.9542904,English,,,,,,,,
"Stephens, S., Berenbaum, T., Finlayson, M., Motl, R.W., Yeh, E.A.",Youth with multiple sclerosis have low levels of fitness,2021,10.1177/1352458520974360,English,,,,,,,,
"Herath, H.M.C.M.B., Nishshanka, N.M.P.M., Madhumali, P.V.N.U., Gunawardena, S.",Voice Control System for Upper Limb Rehabilitation Robots using Machine Learning,2021,10.1109/WF-IoT51360.2021.9595827,English,exclude,out of scope,exclude,out of scope,,,,out of scope
"Nagasubramony, A., Player, R.F., Westling, C.E.I., Galvin, K., Witchel, H.J.",Using wearable inertial sensors to detect different strategies for the sit-to-stand transition in multiple sclerosis,2021,10.1145/3452853.3452862,English,,,,,,,,
"Vernerová, A., Kujovská Krčmová, L., Melichar, B., Švec, F.",Non-invasive determination of uric acid in human saliva in the diagnosis of serious disorders,2021,10.1515/cclm-2020-1533,English,exclude,review,exclude,"Review, out of scope",yes,,,
"Monschein, T., Leutmezer, F., Altmann, P.",The Use of Wearable Devices in Multiple Sclerosis [Anwendung von Wearables bei Multipler Sklerose],2021,10.1055/a-1351-8552,German,,unclear from the abstract,exclude,review,yes,exclude,,
"Wee, S.K., Ho, C.Y., Tan, S.L., Ong, C.H.",Enhancing quality of life in progressive multiple sclerosis with powered robotic exoskeleton,2021,10.1177/1352458520943080,English,exclude,case report,duplicate,,yes,,,
"Wong, E.C., Pasquesi, L., Steenerson, K.K., Sharon, J.D.",A Broader View of Video Head Impulse Tests - Reframing Windows,2021,10.1001/jamaoto.2020.4135,English,exclude,"case report, out of scope",exclude,out of scope,,,,out of scope
"Agostini, M., Amato, F., Vieri, M.L., Greco, G., Tonazzini, I., Baroncelli, L., Caleo, M., Vannini, E., Santi, M., Signore, G., Cecchini, M.",Glial-fibrillary-acidic-protein (GFAP) biomarker detection in serum-matrix: Functionalization strategies and detection by an ultra-high-frequency surface-acoustic-wave (UHF-SAW) lab-on-chip.,2021,10.1016/j.bios.2020.112774,English,exclude,out of scope,exclude,out of scope,yes,,,
"Raykarmakar, K., Harrison, S., Das, A.",MIoT: Paralyzed Patient Healthcare,2021,10.1201/9780429318078-11,English,exclude,no MS out of scope,exclude,out of scope,,,,out of scope
"Khalil, H., Aburub, A., Kanaan, S.F., Alsharman, A., Khazaaleh, S., Al Qawasmeh, M., El-Salem, K.",Convergent and criterion-related validity of the short form of the International Physical Activity and the Incidental and Planned Physical Activity Questionnaires in people with multiple sclerosis,2021,10.3233/NRE-210188,English,,,,,,,,
"Hsieh, K., Fanning, J., Frechette, M., Sosnoff, J.",Usability of a fall risk mhealth app for people with multiple sclerosis: Mixed methods study,2021,10.2196/25604,English,exclude,out of scope,,,,keep,,
[No author name available],"Erratum: Turning towards monitoring of gaze stability exercises: The utility of wearable sensors (J Neurol Phys Ther. (2020) 44, 4 (261-267), 10.1097/NPt.0000000000000340)",2021,10.1097/NPT.0000000000000340,English,exclude,erratum,duplicate,,yes,,,
"Celik, Y., Stuart, S., Woo, W.L., Godfrey, A.",Gait analysis in neurological populations: Progression in the use of wearables,2021,10.1016/j.medengphy.2020.11.005,English,exclude,review,exclude,review,yes,,,
"Krysko, K.M., Akhbardeh, A., Arjona, J., Nourbakhsh, B., Waubant, E., Antoine Gourraud, P., Graves, J.S.",Biosensor vital sign detects multiple sclerosis progression,2021,10.1002/acn3.51187,English,,,duplicate,,yes,,,
"Stavropoulos, T.G., Meditskos, G., Papagiannopoulos, S., Kompatsiaris, I.",eHealth4MS: Problem detection from wearable activity trackers to support the care of multiple sclerosis,2021,10.1007/978-3-030-58356-9_1,English,,,duplicate,,yes,,,
"Silveira, S.L., Baird, J.F., Motl, R.W.","Rates, patterns, and correlates of fitness tracker use among older adults with multiple sclerosis",2021,10.1016/j.dhjo.2020.100966,English,,,exclude,survey,,keep,,
"Jeng, B., Sasaki, J.E., Cederberg, K.L., Motl, R.W.",Sociodemographic and clinical correlates of device-measured sedentary behaviour in multiple sclerosis,2021,10.1080/09638288.2019.1614683,English,,,duplicate,,yes,,,