Cites,Authors,Title,Year,Source,Publisher,ArticleURL,CitesURL,GSRank,QueryDate,Type,DOI,ISSN,CitationURL,Volume,Issue,StartPage,EndPage,ECC,CitesPerYear,CitesPerAuthor,AuthorCount,Age,Abstract
267,"Y.C. Learmonth","Validation of patient determined disease steps (PDDS) scale scores in persons with multiple sclerosis",2013,"BMC Neurology","","https://www.scopus.com/inward/record.uri?partnerID=HzOxMe3b&scp=84877663889&origin=inward","https://www.scopus.com/inward/citedby.uri?partnerID=HzOxMe3b&scp=84877663889&origin=inward",1,"2021-03-18 10:43:54","Article","10.1186/1471-2377-13-37","1471-2377","https://api.elsevier.com/content/abstract/scopus_id/84877663889",13,,,,267,33.38,267,1,8,""
218,"P. Shull","Quantified self and human movement: A review on the clinical impact of wearable sensing and feedback for gait analysis and intervention",2014,"Gait and Posture","","https://www.scopus.com/inward/record.uri?partnerID=HzOxMe3b&scp=84901021122&origin=inward","https://www.scopus.com/inward/citedby.uri?partnerID=HzOxMe3b&scp=84901021122&origin=inward",2,"2021-03-18 10:43:54","Review","10.1016/j.gaitpost.2014.03.189","0966-6362","https://api.elsevier.com/content/abstract/scopus_id/84901021122",40,1,11,19,218,31.14,218,1,7,""
218,"R.W. Motl","Physical activity and quality of life in multiple sclerosis: Intermediary roles of disability, fatigue, mood, pain, self-efficacy and social support",2009,"Psychology, Health and Medicine","","https://www.scopus.com/inward/record.uri?partnerID=HzOxMe3b&scp=57649129427&origin=inward","https://www.scopus.com/inward/citedby.uri?partnerID=HzOxMe3b&scp=57649129427&origin=inward",3,"2021-03-18 10:43:54","Article","10.1080/13548500802241902","1354-8506","https://api.elsevier.com/content/abstract/scopus_id/57649129427",14,1,111,124,218,18.17,218,1,12,""
192,"C. Di Natale","Solid-state gas sensors for breath analysis: A review",2014,"Analytica Chimica Acta","","https://www.scopus.com/inward/record.uri?partnerID=HzOxMe3b&scp=84899068992&origin=inward","https://www.scopus.com/inward/citedby.uri?partnerID=HzOxMe3b&scp=84899068992&origin=inward",4,"2021-03-18 10:43:54","Review","10.1016/j.aca.2014.03.014","0003-2670","https://api.elsevier.com/content/abstract/scopus_id/84899068992",824,,1,17,192,27.43,192,1,7,""
186,"B. Dobkin","The promise of mHealth: Daily activity monitoring and outcome assessments by wearable sensors",2011,"Neurorehabilitation and Neural Repair","","https://www.scopus.com/inward/record.uri?partnerID=HzOxMe3b&scp=80054029501&origin=inward","https://www.scopus.com/inward/citedby.uri?partnerID=HzOxMe3b&scp=80054029501&origin=inward",5,"2021-03-18 10:43:54","Article","10.1177/1545968311425908","1545-9683","https://api.elsevier.com/content/abstract/scopus_id/80054029501",25,9,788,798,186,18.60,186,1,10,""
176,"J.A. Kent-Braun","Strength, skeletal muscle composition, and enzyme activity in multiple sclerosis",1997,"Journal of Applied Physiology","","https://www.scopus.com/inward/record.uri?partnerID=HzOxMe3b&scp=0031457041&origin=inward","https://www.scopus.com/inward/citedby.uri?partnerID=HzOxMe3b&scp=0031457041&origin=inward",6,"2021-03-18 10:43:54","Article","10.1152/jappl.1997.83.6.1998","8750-7587","https://api.elsevier.com/content/abstract/scopus_id/0031457041",83,6,1998,2004,176,7.33,176,1,24,""
164,"R.I. Spain","Body-worn motion sensors detect balance and gait deficits in people with multiple sclerosis who have normal walking speed",2012,"Gait and Posture","","https://www.scopus.com/inward/record.uri?partnerID=HzOxMe3b&scp=84859218424&origin=inward","https://www.scopus.com/inward/citedby.uri?partnerID=HzOxMe3b&scp=84859218424&origin=inward",7,"2021-03-18 10:43:54","Article","10.1016/j.gaitpost.2011.11.026","0966-6362","https://api.elsevier.com/content/abstract/scopus_id/84859218424",35,4,573,578,164,18.22,164,1,9,""
162,"A.V. Ng","Quantitation of lower physical activity in persons with multiple sclerosis",1997,"Medicine and Science in Sports and Exercise","","https://www.scopus.com/inward/record.uri?partnerID=HzOxMe3b&scp=0030891096&origin=inward","https://www.scopus.com/inward/citedby.uri?partnerID=HzOxMe3b&scp=0030891096&origin=inward",8,"2021-03-18 10:43:54","Article","10.1097/00005768-199704000-00014","0195-9131","https://api.elsevier.com/content/abstract/scopus_id/0030891096",29,4,517,523,162,6.75,162,1,24,""
147,"J. Herzog","Kinematic analysis of thalamic versus subthalamic neurostimulation in postural and intention tremor",2007,"Brain","","https://www.scopus.com/inward/record.uri?partnerID=HzOxMe3b&scp=34250825258&origin=inward","https://www.scopus.com/inward/citedby.uri?partnerID=HzOxMe3b&scp=34250825258&origin=inward",9,"2021-03-18 10:43:54","Article","10.1093/brain/awm077","0006-8950","https://api.elsevier.com/content/abstract/scopus_id/34250825258",130,6,1608,1625,147,10.50,147,1,14,""
132,"R. Klaren","Objectively quantified physical activity in persons with multiple sclerosis",2013,"Archives of Physical Medicine and Rehabilitation","","https://www.scopus.com/inward/record.uri?partnerID=HzOxMe3b&scp=84888332041&origin=inward","https://www.scopus.com/inward/citedby.uri?partnerID=HzOxMe3b&scp=84888332041&origin=inward",10,"2021-03-18 10:43:54","Article","10.1016/j.apmr.2013.07.011","0003-9993","https://api.elsevier.com/content/abstract/scopus_id/84888332041",94,12,2342,2348,132,16.50,132,1,8,""
131,"R. Motl","Validity of physical activity measures in ambulatory individuals with multiple sclerosis",2006,"Disability and Rehabilitation","","https://www.scopus.com/inward/record.uri?partnerID=HzOxMe3b&scp=33748569776&origin=inward","https://www.scopus.com/inward/citedby.uri?partnerID=HzOxMe3b&scp=33748569776&origin=inward",11,"2021-03-18 10:43:54","Article","10.1080/09638280600551476","0963-8288","https://api.elsevier.com/content/abstract/scopus_id/33748569776",28,18,1151,1156,131,8.73,131,1,15,""
128,"J. Gosney","Physical activity and multiple sclerosis: Validity of self-report and objective measures",2007,"Family and Community Health","","https://www.scopus.com/inward/record.uri?partnerID=HzOxMe3b&scp=34247635588&origin=inward","https://www.scopus.com/inward/citedby.uri?partnerID=HzOxMe3b&scp=34247635588&origin=inward",12,"2021-03-18 10:43:54","Article","10.1097/01.FCH.0000264411.20766.0c","0160-6379","https://api.elsevier.com/content/abstract/scopus_id/34247635588",30,2,144,150,128,9.14,128,1,14,""
124,"O. Pearson","Quantification of walking mobility in neurological disorders",2004,"QJM - Monthly Journal of the Association of Physicians","","https://www.scopus.com/inward/record.uri?partnerID=HzOxMe3b&scp=4344574329&origin=inward","https://www.scopus.com/inward/citedby.uri?partnerID=HzOxMe3b&scp=4344574329&origin=inward",13,"2021-03-18 10:43:54","Review","10.1093/qjmed/hch084","1460-2725","https://api.elsevier.com/content/abstract/scopus_id/4344574329",97,8,463,475,124,7.29,124,1,17,""
111,"D. Gijbels","Predicting habitual walking performance in multiple sclerosis: Relevance of capacity and self-report measures",2010,"Multiple Sclerosis","","https://www.scopus.com/inward/record.uri?partnerID=HzOxMe3b&scp=77952831490&origin=inward","https://www.scopus.com/inward/citedby.uri?partnerID=HzOxMe3b&scp=77952831490&origin=inward",14,"2021-03-18 10:43:54","Article","10.1177/1352458510361357","1352-4585","https://api.elsevier.com/content/abstract/scopus_id/77952831490",16,5,618,626,111,10.09,111,1,11,""
107,"B. Sandroff","Physical activity and multiple sclerosis: New insights regarding inactivity",2012,"Acta Neurologica Scandinavica","","https://www.scopus.com/inward/record.uri?partnerID=HzOxMe3b&scp=84865798472&origin=inward","https://www.scopus.com/inward/citedby.uri?partnerID=HzOxMe3b&scp=84865798472&origin=inward",15,"2021-03-18 10:43:54","Article","10.1111/j.1600-0404.2011.01634.x","0001-6314","https://api.elsevier.com/content/abstract/scopus_id/84865798472",126,4,256,262,107,11.89,107,1,9,""
104,"R.W. Motl","Correlates of physical activity among individuals with multiple sclerosis",2006,"Annals of Behavioral Medicine","","https://www.scopus.com/inward/record.uri?partnerID=HzOxMe3b&scp=33749590913&origin=inward","https://www.scopus.com/inward/citedby.uri?partnerID=HzOxMe3b&scp=33749590913&origin=inward",16,"2021-03-18 10:43:54","Conference Paper","10.1207/s15324796abm3202_13","0883-6612","https://api.elsevier.com/content/abstract/scopus_id/33749590913",32,2,154,161,104,6.93,104,1,15,""
98,"M.D. Goldman","Possible clinical outcome measures for clinical trials in patients with multiple sclerosis",2010,"Therapeutic Advances in Neurological Disorders","","https://www.scopus.com/inward/record.uri?partnerID=HzOxMe3b&scp=77954914068&origin=inward","https://www.scopus.com/inward/citedby.uri?partnerID=HzOxMe3b&scp=77954914068&origin=inward",17,"2021-03-18 10:43:54","Review","10.1177/1756285610374117","1756-2856","https://api.elsevier.com/content/abstract/scopus_id/77954914068",3,4,229,239,98,8.91,98,1,11,""
96,"K. Morgen","Training-dependent plasticity in patients with multiple sclerosis",2004,"Brain","","https://www.scopus.com/inward/record.uri?partnerID=HzOxMe3b&scp=8144223995&origin=inward","https://www.scopus.com/inward/citedby.uri?partnerID=HzOxMe3b&scp=8144223995&origin=inward",18,"2021-03-18 10:43:54","Article","10.1093/brain/awh266","0006-8950","https://api.elsevier.com/content/abstract/scopus_id/8144223995",127,11,2506,2517,96,5.65,96,1,17,""
96,"P. Fox","The effect of cannabis on tremor in patients with multiple sclerosis",2004,"Neurology","","https://www.scopus.com/inward/record.uri?partnerID=HzOxMe3b&scp=1842580669&origin=inward","https://www.scopus.com/inward/citedby.uri?partnerID=HzOxMe3b&scp=1842580669&origin=inward",19,"2021-03-18 10:43:54","Article","10.1212/01.WNL.0000118203.67138.3E","0028-3878","https://api.elsevier.com/content/abstract/scopus_id/1842580669",62,7,1105,1109,96,5.65,96,1,17,""
88,"M.D. Goldman","Clinically meaningful performance benchmarks in MS:Timed 25-Foot Walk and the real world",2013,"Neurology","","https://www.scopus.com/inward/record.uri?partnerID=HzOxMe3b&scp=84891941666&origin=inward","https://www.scopus.com/inward/citedby.uri?partnerID=HzOxMe3b&scp=84891941666&origin=inward",20,"2021-03-18 10:43:54","Article","10.1212/01.wnl.0000436065.97642.d2","0028-3878","https://api.elsevier.com/content/abstract/scopus_id/84891941666",81,21,1856,1863,88,11.00,88,1,8,""
88,"S.H. Alusi","Stereotactic lesional surgery for the treatment of tremor in multiple sclerosis a prospective case-controlled study",2001,"Brain","","https://www.scopus.com/inward/record.uri?partnerID=HzOxMe3b&scp=0034897530&origin=inward","https://www.scopus.com/inward/citedby.uri?partnerID=HzOxMe3b&scp=0034897530&origin=inward",21,"2021-03-18 10:43:54","Article","10.1093/brain/124.8.1576","0006-8950","https://api.elsevier.com/content/abstract/scopus_id/0034897530",124,8,1576,1589,88,4.40,88,1,20,""
87,"S. Hennen","Decoding signaling and function of the orphan g protein-coupled receptor GPR17 with a small-molecule agonist",2013,"Science Signaling","","https://www.scopus.com/inward/record.uri?partnerID=HzOxMe3b&scp=84886745200&origin=inward","https://www.scopus.com/inward/citedby.uri?partnerID=HzOxMe3b&scp=84886745200&origin=inward",22,"2021-03-18 10:43:54","Article","10.1126/scisignal.2004350","1945-0877","https://api.elsevier.com/content/abstract/scopus_id/84886745200",6,298,,,87,10.88,87,1,8,""
87,"A. Pedrocchi","MUNDUS project: MUltimodal Neuroprosthesis for daily Upper limb Support",2013,"Journal of NeuroEngineering and Rehabilitation","","https://www.scopus.com/inward/record.uri?partnerID=HzOxMe3b&scp=84879836521&origin=inward","https://www.scopus.com/inward/citedby.uri?partnerID=HzOxMe3b&scp=84879836521&origin=inward",23,"2021-03-18 10:43:54","Article","10.1186/1743-0003-10-66","1743-0003","https://api.elsevier.com/content/abstract/scopus_id/84879836521",10,1,,,87,10.88,87,1,8,""
87,"J. Cozens","Robotic assistance of an active upper limb exercise in neurologically impaired patients",1999,"IEEE Transactions on Rehabilitation Engineering","","https://www.scopus.com/inward/record.uri?partnerID=HzOxMe3b&scp=0033052172&origin=inward","https://www.scopus.com/inward/citedby.uri?partnerID=HzOxMe3b&scp=0033052172&origin=inward",24,"2021-03-18 10:43:54","Article","10.1109/86.769416","1063-6528","https://api.elsevier.com/content/abstract/scopus_id/0033052172",7,2,254,256,87,3.95,87,1,22,""
85,"R.W. Motl","Symptoms, self-efficacy, and physical activity among individuals with multiple sclerosis",2006,"Research in Nursing and Health","","https://www.scopus.com/inward/record.uri?partnerID=HzOxMe3b&scp=33846012219&origin=inward","https://www.scopus.com/inward/citedby.uri?partnerID=HzOxMe3b&scp=33846012219&origin=inward",25,"2021-03-18 10:43:54","Article","10.1002/nur.20161","0160-6891","https://api.elsevier.com/content/abstract/scopus_id/33846012219",29,6,597,606,85,5.67,85,1,15,""
83,"Y. Learmonth","The reliability, precision and clinically meaningful change of walking assessments in multiple sclerosis",2013,"Multiple Sclerosis Journal","","https://www.scopus.com/inward/record.uri?partnerID=HzOxMe3b&scp=84887563800&origin=inward","https://www.scopus.com/inward/citedby.uri?partnerID=HzOxMe3b&scp=84887563800&origin=inward",26,"2021-03-18 10:43:54","Article","10.1177/1352458513483890","1352-4585","https://api.elsevier.com/content/abstract/scopus_id/84887563800",19,13,1784,1791,83,10.38,83,1,8,""
81,"L. Hale","Measuring Free-Living Physical Activity in Adults With and Without Neurologic Dysfunction With a Triaxial Accelerometer",2008,"Archives of Physical Medicine and Rehabilitation","","https://www.scopus.com/inward/record.uri?partnerID=HzOxMe3b&scp=49949114732&origin=inward","https://www.scopus.com/inward/citedby.uri?partnerID=HzOxMe3b&scp=49949114732&origin=inward",27,"2021-03-18 10:43:54","Article","10.1016/j.apmr.2008.02.027","0003-9993","https://api.elsevier.com/content/abstract/scopus_id/49949114732",89,9,1765,1771,81,6.23,81,1,13,""
75,"R.W. Motl","Pathways Between Physical Activity and Quality of Life in Adults With Multiple Sclerosis",2009,"Health Psychology","","https://www.scopus.com/inward/record.uri?partnerID=HzOxMe3b&scp=72949103880&origin=inward","https://www.scopus.com/inward/citedby.uri?partnerID=HzOxMe3b&scp=72949103880&origin=inward",28,"2021-03-18 10:43:54","Article","10.1037/a0015985","0278-6133","https://api.elsevier.com/content/abstract/scopus_id/72949103880",28,6,682,689,75,6.25,75,1,12,""
69,"R. Motl","Lifestyle physical activity in persons with multiple sclerosis: The new kid on the MS block",2014,"Multiple Sclerosis Journal","","https://www.scopus.com/inward/record.uri?partnerID=HzOxMe3b&scp=84904821045&origin=inward","https://www.scopus.com/inward/citedby.uri?partnerID=HzOxMe3b&scp=84904821045&origin=inward",29,"2021-03-18 10:43:54","Article","10.1177/1352458514525873","1352-4585","https://api.elsevier.com/content/abstract/scopus_id/84904821045",20,8,1025,1029,69,9.86,69,1,7,""
69,"R.A. Hyde","Estimation of upper-limb orientation based on accelerometer and gyroscope measurements",2008,"IEEE Transactions on Biomedical Engineering","","https://www.scopus.com/inward/record.uri?partnerID=HzOxMe3b&scp=38349035792&origin=inward","https://www.scopus.com/inward/citedby.uri?partnerID=HzOxMe3b&scp=38349035792&origin=inward",30,"2021-03-18 10:43:54","Article","10.1109/TBME.2007.912647","0018-9294","https://api.elsevier.com/content/abstract/scopus_id/38349035792",55,2,746,754,69,5.31,69,1,13,""
68,"R.W. Motl","Reliability of scores from physical activity monitors in adults with multiple sclerosis",2007,"Adapted Physical Activity Quarterly","","https://www.scopus.com/inward/record.uri?partnerID=HzOxMe3b&scp=34547166010&origin=inward","https://www.scopus.com/inward/citedby.uri?partnerID=HzOxMe3b&scp=34547166010&origin=inward",31,"2021-03-18 10:43:54","Article","10.1123/apaq.24.3.245","0736-5829","https://api.elsevier.com/content/abstract/scopus_id/34547166010",24,3,245,253,68,4.86,68,1,14,""
67,"B. Sandroff","Accelerometer output and its association with energy expenditure in persons with multiple sclerosis",2012,"Journal of Rehabilitation Research and Development","","https://www.scopus.com/inward/record.uri?partnerID=HzOxMe3b&scp=84866446531&origin=inward","https://www.scopus.com/inward/citedby.uri?partnerID=HzOxMe3b&scp=84866446531&origin=inward",32,"2021-03-18 10:43:54","Article","10.1682/JRRD.2011.03.0063","0748-7711","https://api.elsevier.com/content/abstract/scopus_id/84866446531",49,3,467,476,67,7.44,67,1,9,""
65,"R. Motl","Physical inactivity, neurological disability, and cardiorespiratory fitness in multiple sclerosis",2011,"Acta Neurologica Scandinavica","","https://www.scopus.com/inward/record.uri?partnerID=HzOxMe3b&scp=78650787231&origin=inward","https://www.scopus.com/inward/citedby.uri?partnerID=HzOxMe3b&scp=78650787231&origin=inward",33,"2021-03-18 10:43:54","Article","10.1111/j.1600-0404.2010.01361.x","0001-6314","https://api.elsevier.com/content/abstract/scopus_id/78650787231",123,2,98,104,65,6.50,65,1,10,""
64,"M. Weikert","Accelerometry in persons with multiple sclerosis: Measurement of physical activity or walking mobility?",2010,"Journal of the Neurological Sciences","","https://www.scopus.com/inward/record.uri?partnerID=HzOxMe3b&scp=74849133690&origin=inward","https://www.scopus.com/inward/citedby.uri?partnerID=HzOxMe3b&scp=74849133690&origin=inward",34,"2021-03-18 10:43:54","Article","10.1016/j.jns.2009.12.021","0022-510X","https://api.elsevier.com/content/abstract/scopus_id/74849133690",290,1,6,11,64,5.82,64,1,11,""
62,"E. Snook","The effect of walking mobility on the measurement of physical activity using accelerometry in multiple sclerosis",2009,"Clinical Rehabilitation","","https://www.scopus.com/inward/record.uri?partnerID=HzOxMe3b&scp=60149094668&origin=inward","https://www.scopus.com/inward/citedby.uri?partnerID=HzOxMe3b&scp=60149094668&origin=inward",35,"2021-03-18 10:43:54","Article","10.1177/0269215508101757","0269-2155","https://api.elsevier.com/content/abstract/scopus_id/60149094668",23,3,248,258,62,5.17,62,1,12,""
60,"R. Motl","Confirmation and extension of the validity of the Multiple Sclerosis Walking Scale-12 (MSWS-12)",2008,"Journal of the Neurological Sciences","","https://www.scopus.com/inward/record.uri?partnerID=HzOxMe3b&scp=40749161892&origin=inward","https://www.scopus.com/inward/citedby.uri?partnerID=HzOxMe3b&scp=40749161892&origin=inward",36,"2021-03-18 10:43:54","Article","10.1016/j.jns.2007.11.003","0022-510X","https://api.elsevier.com/content/abstract/scopus_id/40749161892",268,1,69,73,60,4.62,60,1,13,""
58,"R.A. Joundi","Rapid tremor frequency assessment with the iPhone accelerometer",2011,"Parkinsonism and Related Disorders","","https://www.scopus.com/inward/record.uri?partnerID=HzOxMe3b&scp=79955036667&origin=inward","https://www.scopus.com/inward/citedby.uri?partnerID=HzOxMe3b&scp=79955036667&origin=inward",37,"2021-03-18 10:43:54","Article","10.1016/j.parkreldis.2011.01.001","1353-8020","https://api.elsevier.com/content/abstract/scopus_id/79955036667",17,4,288,290,58,5.80,58,1,10,""
57,"D. Dlugonski","Increasing physical activity in multiple sclerosis: Replicating internet intervention effects using objective and self-report outcomes",2011,"Journal of Rehabilitation Research and Development","","https://www.scopus.com/inward/record.uri?partnerID=HzOxMe3b&scp=83155168307&origin=inward","https://www.scopus.com/inward/citedby.uri?partnerID=HzOxMe3b&scp=83155168307&origin=inward",38,"2021-03-18 10:43:54","Article","10.1682/JRRD.2010.09.0192","0748-7711","https://api.elsevier.com/content/abstract/scopus_id/83155168307",48,9,1129,1136,57,5.70,57,1,10,""
56,"R. Motl","Accelerometry as a measure of walking behavior in multiple sclerosis",2013,"Acta Neurologica Scandinavica","","https://www.scopus.com/inward/record.uri?partnerID=HzOxMe3b&scp=84877921839&origin=inward","https://www.scopus.com/inward/citedby.uri?partnerID=HzOxMe3b&scp=84877921839&origin=inward",39,"2021-03-18 10:43:54","Article","10.1111/ane.12036","0001-6314","https://api.elsevier.com/content/abstract/scopus_id/84877921839",127,6,384,390,56,7.00,56,1,8,""
56,"C. Vaney","Robotic-assisted step training (Lokomat) not superior to equal intensity of over-ground rehabilitation in patients with multiple sclerosis",2012,"Neurorehabilitation and Neural Repair","","https://www.scopus.com/inward/record.uri?partnerID=HzOxMe3b&scp=84857341836&origin=inward","https://www.scopus.com/inward/citedby.uri?partnerID=HzOxMe3b&scp=84857341836&origin=inward",40,"2021-03-18 10:43:54","Article","10.1177/1545968311425923","1545-9683","https://api.elsevier.com/content/abstract/scopus_id/84857341836",26,3,212,221,56,6.22,56,1,9,""
56,"I. Mangalagiu","Recent achievements in the chemistry of 1,2-diazines",2011,"Current Organic Chemistry","","https://www.scopus.com/inward/record.uri?partnerID=HzOxMe3b&scp=79951704251&origin=inward","https://www.scopus.com/inward/citedby.uri?partnerID=HzOxMe3b&scp=79951704251&origin=inward",41,"2021-03-18 10:43:54","Article","10.2174/138527211794519050","1385-2728","https://api.elsevier.com/content/abstract/scopus_id/79951704251",15,5,730,752,56,5.60,56,1,10,""
55,"J. Huisinga","Accelerometry reveals differences in gait variability between patients with multiple sclerosis and healthy controls",2013,"Annals of Biomedical Engineering","","https://www.scopus.com/inward/record.uri?partnerID=HzOxMe3b&scp=84886784832&origin=inward","https://www.scopus.com/inward/citedby.uri?partnerID=HzOxMe3b&scp=84886784832&origin=inward",42,"2021-03-18 10:43:54","Article","10.1007/s10439-012-0697-y","0090-6964","https://api.elsevier.com/content/abstract/scopus_id/84886784832",41,8,1670,1679,55,6.88,55,1,8,""
54,"R. Motl","Energy cost of walking and its association with gait parameters, daily activity, and fatigue in persons with mild multiple sclerosis",2012,"Neurorehabilitation and Neural Repair","","https://www.scopus.com/inward/record.uri?partnerID=HzOxMe3b&scp=84866297321&origin=inward","https://www.scopus.com/inward/citedby.uri?partnerID=HzOxMe3b&scp=84866297321&origin=inward",43,"2021-03-18 10:43:54","Article","10.1177/1545968312437943","1545-9683","https://api.elsevier.com/content/abstract/scopus_id/84866297321",26,8,1015,1021,54,6.00,54,1,9,""
53,"R. Motl","Symptom Cluster as a Predictor of Physical Activity in Multiple Sclerosis: Preliminary Evidence",2009,"Journal of Pain and Symptom Management","","https://www.scopus.com/inward/record.uri?partnerID=HzOxMe3b&scp=67651163452&origin=inward","https://www.scopus.com/inward/citedby.uri?partnerID=HzOxMe3b&scp=67651163452&origin=inward",44,"2021-03-18 10:43:54","Article","10.1016/j.jpainsymman.2008.08.004","0885-3924","https://api.elsevier.com/content/abstract/scopus_id/67651163452",38,2,270,280,53,4.42,53,1,12,""
52,"B. Sandroff","Accuracy of StepWatch™ and ActiGraph accelerometers for measuring steps taken among persons with multiple sclerosis",2014,"PLoS ONE","","https://www.scopus.com/inward/record.uri?partnerID=HzOxMe3b&scp=84899555196&origin=inward","https://www.scopus.com/inward/citedby.uri?partnerID=HzOxMe3b&scp=84899555196&origin=inward",45,"2021-03-18 10:43:54","Article","10.1371/journal.pone.0093511","1932-6203","https://api.elsevier.com/content/abstract/scopus_id/84899555196",9,4,,,52,7.43,52,1,7,""
52,"H. Martin","Role of PPAR-gamma in inflammation. Prospects for therapeutic intervention by food components",2009,"Mutation Research - Fundamental and Molecular Mechanisms of Mutagenesis","","https://www.scopus.com/inward/record.uri?partnerID=HzOxMe3b&scp=70349113042&origin=inward","https://www.scopus.com/inward/citedby.uri?partnerID=HzOxMe3b&scp=70349113042&origin=inward",46,"2021-03-18 10:43:54","Short Survey","10.1016/j.mrfmmm.2009.06.009","0027-5107","https://api.elsevier.com/content/abstract/scopus_id/70349113042",669,1,1,7,52,4.33,52,1,12,""
50,"R. Motl","Longitudinal change in physical activity and its correlates in relapsing-remitting multiple sclerosis",2013,"Physical Therapy","","https://www.scopus.com/inward/record.uri?partnerID=HzOxMe3b&scp=84880998371&origin=inward","https://www.scopus.com/inward/citedby.uri?partnerID=HzOxMe3b&scp=84880998371&origin=inward",47,"2021-03-18 10:43:54","Article","10.2522/ptj.20120479","0031-9023","https://api.elsevier.com/content/abstract/scopus_id/84880998371",93,8,1037,1048,50,6.25,50,1,8,""
50,"J. Rinnenthal","Parallelized TCSPC for Dynamic Intravital Fluorescence Lifetime Imaging: Quantifying Neuronal Dysfunction in Neuroinflammation",2013,"PLoS ONE","","https://www.scopus.com/inward/record.uri?partnerID=HzOxMe3b&scp=84876180844&origin=inward","https://www.scopus.com/inward/citedby.uri?partnerID=HzOxMe3b&scp=84876180844&origin=inward",48,"2021-03-18 10:43:54","Article","10.1371/journal.pone.0060100","1932-6203","https://api.elsevier.com/content/abstract/scopus_id/84876180844",8,4,,,50,6.25,50,1,8,""
50,"R. Motl","Reactivity in baseline accelerometer data from a physical activity behavioral intervention",2012,"Health Psychology","","https://www.scopus.com/inward/record.uri?partnerID=HzOxMe3b&scp=84864869382&origin=inward","https://www.scopus.com/inward/citedby.uri?partnerID=HzOxMe3b&scp=84864869382&origin=inward",49,"2021-03-18 10:43:54","Article","10.1037/a0025965","0278-6133","https://api.elsevier.com/content/abstract/scopus_id/84864869382",31,2,172,175,50,5.56,50,1,9,""
50,"J. Sosnoff","Quantifying gait impairment in multiple sclerosis using GAITRite™ technology",2011,"Gait and Posture","","https://www.scopus.com/inward/record.uri?partnerID=HzOxMe3b&scp=79957445179&origin=inward","https://www.scopus.com/inward/citedby.uri?partnerID=HzOxMe3b&scp=79957445179&origin=inward",50,"2021-03-18 10:43:54","Article","10.1016/j.gaitpost.2011.03.020","0966-6362","https://api.elsevier.com/content/abstract/scopus_id/79957445179",34,1,145,147,50,5.00,50,1,10,""
48,"I. Carpinella","Quantitative assessment of upper limb motor function in Multiple Sclerosis using an instrumented Action Research Arm Test",2014,"Journal of NeuroEngineering and Rehabilitation","","https://www.scopus.com/inward/record.uri?partnerID=HzOxMe3b&scp=84899587227&origin=inward","https://www.scopus.com/inward/citedby.uri?partnerID=HzOxMe3b&scp=84899587227&origin=inward",51,"2021-03-18 10:43:54","Article","10.1186/1743-0003-11-67","1743-0003","https://api.elsevier.com/content/abstract/scopus_id/84899587227",11,1,,,48,6.86,48,1,7,""
48,"R. Motl","Physical activity and self-reported cardiovascular comorbidities in persons with multiple sclerosis: Evidence from a cross-sectional analysis",2011,"Neuroepidemiology","","https://www.scopus.com/inward/record.uri?partnerID=HzOxMe3b&scp=79955954764&origin=inward","https://www.scopus.com/inward/citedby.uri?partnerID=HzOxMe3b&scp=79955954764&origin=inward",52,"2021-03-18 10:43:54","Article","10.1159/000327749","0251-5350","https://api.elsevier.com/content/abstract/scopus_id/79955954764",36,3,183,191,48,4.80,48,1,10,""
46,"A. Pachner","Effect of neutralizing antibodies on biomarker responses to interferon beta: The INSIGHT study",2009,"Neurology","","https://www.scopus.com/inward/record.uri?partnerID=HzOxMe3b&scp=70449449076&origin=inward","https://www.scopus.com/inward/citedby.uri?partnerID=HzOxMe3b&scp=70449449076&origin=inward",53,"2021-03-18 10:43:54","Article","10.1212/WNL.0b013e3181bf98db","0028-3878","https://api.elsevier.com/content/abstract/scopus_id/70449449076",73,18,1493,1500,46,3.83,46,1,12,""
44,"L. Connell","Clinical reality of measuring upper-limb ability in neurologic conditions: A systematic review",2012,"Archives of Physical Medicine and Rehabilitation","","https://www.scopus.com/inward/record.uri?partnerID=HzOxMe3b&scp=84856375298&origin=inward","https://www.scopus.com/inward/citedby.uri?partnerID=HzOxMe3b&scp=84856375298&origin=inward",54,"2021-03-18 10:43:54","Review","10.1016/j.apmr.2011.09.015","0003-9993","https://api.elsevier.com/content/abstract/scopus_id/84856375298",93,2,221,228,44,4.89,44,1,9,""
42,"S. Ranadive","Vascular dysfunction and physical activity in multiple sclerosis",2012,"Medicine and Science in Sports and Exercise","","https://www.scopus.com/inward/record.uri?partnerID=HzOxMe3b&scp=84858285442&origin=inward","https://www.scopus.com/inward/citedby.uri?partnerID=HzOxMe3b&scp=84858285442&origin=inward",55,"2021-03-18 10:43:54","Article","10.1249/MSS.0b013e31822d7997","0195-9131","https://api.elsevier.com/content/abstract/scopus_id/84858285442",44,2,238,243,42,4.67,42,1,9,""
42,"R.W. Motl","Physical activity and quality of life in multiple sclerosis: Possible roles of social support, self-efficacy, and functional limitations",2007,"Rehabilitation Psychology","","https://www.scopus.com/inward/record.uri?partnerID=HzOxMe3b&scp=34248560769&origin=inward","https://www.scopus.com/inward/citedby.uri?partnerID=HzOxMe3b&scp=34248560769&origin=inward",56,"2021-03-18 10:43:54","Article","10.1037/0090-5550.52.2.143","0090-5550","https://api.elsevier.com/content/abstract/scopus_id/34248560769",52,2,143,151,42,3.00,42,1,14,""
41,"Y. Baram","Auditory feedback control for improvement of gait in patients with Multiple Sclerosis",2007,"Journal of the Neurological Sciences","","https://www.scopus.com/inward/record.uri?partnerID=HzOxMe3b&scp=33847369328&origin=inward","https://www.scopus.com/inward/citedby.uri?partnerID=HzOxMe3b&scp=33847369328&origin=inward",57,"2021-03-18 10:43:54","Article","10.1016/j.jns.2007.01.003","0022-510X","https://api.elsevier.com/content/abstract/scopus_id/33847369328",254,1,90,94,41,2.93,41,1,14,""
40,"R. Motl","Clinical Importance of Steps Taken per Day among Persons with Multiple Sclerosis",2013,"PLoS ONE","","https://www.scopus.com/inward/record.uri?partnerID=HzOxMe3b&scp=84883351732&origin=inward","https://www.scopus.com/inward/citedby.uri?partnerID=HzOxMe3b&scp=84883351732&origin=inward",58,"2021-03-18 10:43:54","Article","10.1371/journal.pone.0073247","1932-6203","https://api.elsevier.com/content/abstract/scopus_id/84883351732",8,9,,,40,5.00,40,1,8,""
40,"M. Hardmeier","Cognitive dysfunction in early multiple sclerosis: Altered centrality derived from resting-state functional connectivity using magneto-encephalography",2012,"PLoS ONE","","https://www.scopus.com/inward/record.uri?partnerID=HzOxMe3b&scp=84864398942&origin=inward","https://www.scopus.com/inward/citedby.uri?partnerID=HzOxMe3b&scp=84864398942&origin=inward",59,"2021-03-18 10:43:54","Article","10.1371/journal.pone.0042087","1932-6203","https://api.elsevier.com/content/abstract/scopus_id/84864398942",7,7,,,40,4.44,40,1,9,""
40,"E. Snook","Physical Activity Behaviors in Individuals with Multiple Sclerosis: Roles of Overall and Specific Symptoms, and Self-Efficacy",2008,"Journal of Pain and Symptom Management","","https://www.scopus.com/inward/record.uri?partnerID=HzOxMe3b&scp=45849087626&origin=inward","https://www.scopus.com/inward/citedby.uri?partnerID=HzOxMe3b&scp=45849087626&origin=inward",60,"2021-03-18 10:43:54","Article","10.1016/j.jpainsymman.2007.09.007","0885-3924","https://api.elsevier.com/content/abstract/scopus_id/45849087626",36,1,46,53,40,3.08,40,1,13,""
38,"R. Motl","Accuracy of the actibelt <sup>®</sup> accelerometer for measuring walking speed in a controlled environment among persons with multiple sclerosis",2012,"Gait and Posture","","https://www.scopus.com/inward/record.uri?partnerID=HzOxMe3b&scp=84856678167&origin=inward","https://www.scopus.com/inward/citedby.uri?partnerID=HzOxMe3b&scp=84856678167&origin=inward",61,"2021-03-18 10:43:54","Article","10.1016/j.gaitpost.2011.09.005","0966-6362","https://api.elsevier.com/content/abstract/scopus_id/84856678167",35,2,192,196,38,4.22,38,1,9,""
38,"R.W. Motl","Symptoms and physical activity among adults with relapsing-remitting multiple sclerosis",2010,"Journal of Nervous and Mental Disease","","https://www.scopus.com/inward/record.uri?partnerID=HzOxMe3b&scp=77949344466&origin=inward","https://www.scopus.com/inward/citedby.uri?partnerID=HzOxMe3b&scp=77949344466&origin=inward",62,"2021-03-18 10:43:54","Article","10.1097/NMD.0b013e3181d14131","0022-3018","https://api.elsevier.com/content/abstract/scopus_id/77949344466",198,3,213,219,38,3.45,38,1,11,""
38,"R. Motl","Calibration of Accelerometer Output for Ambulatory Adults With Multiple Sclerosis",2009,"Archives of Physical Medicine and Rehabilitation","","https://www.scopus.com/inward/record.uri?partnerID=HzOxMe3b&scp=70350498761&origin=inward","https://www.scopus.com/inward/citedby.uri?partnerID=HzOxMe3b&scp=70350498761&origin=inward",63,"2021-03-18 10:43:54","Article","10.1016/j.apmr.2009.03.020","0003-9993","https://api.elsevier.com/content/abstract/scopus_id/70350498761",90,10,1778,1784,38,3.17,38,1,12,""
37,"R. Motl","Accelerometry and its association with objective markers of walking limitations in ambulatory adults with multiple sclerosis",2010,"Archives of Physical Medicine and Rehabilitation","","https://www.scopus.com/inward/record.uri?partnerID=HzOxMe3b&scp=78649751435&origin=inward","https://www.scopus.com/inward/citedby.uri?partnerID=HzOxMe3b&scp=78649751435&origin=inward",64,"2021-03-18 10:43:54","Article","10.1016/j.apmr.2010.08.011","0003-9993","https://api.elsevier.com/content/abstract/scopus_id/78649751435",91,12,1942,1947,37,3.36,37,1,11,""
37,"K. Bhavsar","A cytokine immunosensor for Multiple Sclerosis detection based upon label-free electrochemical impedance spectroscopy using electroplated printed circuit board electrodes",2009,"Biosensors and Bioelectronics","","https://www.scopus.com/inward/record.uri?partnerID=HzOxMe3b&scp=69949153056&origin=inward","https://www.scopus.com/inward/citedby.uri?partnerID=HzOxMe3b&scp=69949153056&origin=inward",65,"2021-03-18 10:43:54","Article","10.1016/j.bios.2009.07.017","0956-5663","https://api.elsevier.com/content/abstract/scopus_id/69949153056",25,2,506,509,37,3.08,37,1,12,""
37,"R. Motl","Physical activity correlates with neurological impairment and disability in multiple sclerosis",2008,"Journal of Nervous and Mental Disease","","https://www.scopus.com/inward/record.uri?partnerID=HzOxMe3b&scp=45749088585&origin=inward","https://www.scopus.com/inward/citedby.uri?partnerID=HzOxMe3b&scp=45749088585&origin=inward",66,"2021-03-18 10:43:54","Article","10.1097/NMD.0b013e318177351b","0022-3018","https://api.elsevier.com/content/abstract/scopus_id/45749088585",196,6,492,495,37,2.85,37,1,13,""
36,"R. Spain","Body-worn sensors capture variability, but not decline, of gait and balance measures in multiple sclerosis over 18 months",2014,"Gait and Posture","","https://www.scopus.com/inward/record.uri?partnerID=HzOxMe3b&scp=84895884254&origin=inward","https://www.scopus.com/inward/citedby.uri?partnerID=HzOxMe3b&scp=84895884254&origin=inward",67,"2021-03-18 10:43:54","Article","10.1016/j.gaitpost.2013.12.010","0966-6362","https://api.elsevier.com/content/abstract/scopus_id/84895884254",39,3,958,964,36,5.14,36,1,7,""
36,"R. Motl","Increasing physical activity in multiple sclerosis using a behavioral intervention",2011,"Behavioral Medicine","","https://www.scopus.com/inward/record.uri?partnerID=HzOxMe3b&scp=84856270575&origin=inward","https://www.scopus.com/inward/citedby.uri?partnerID=HzOxMe3b&scp=84856270575&origin=inward",68,"2021-03-18 10:43:54","Article","10.1080/08964289.2011.636769","0896-4289","https://api.elsevier.com/content/abstract/scopus_id/84856270575",37,4,125,131,36,3.60,36,1,10,""
36,"R. Motl","Does an accelerometer accurately measure steps taken under controlled conditions in adults with mild multiple sclerosis?",2011,"Disability and Health Journal","","https://www.scopus.com/inward/record.uri?partnerID=HzOxMe3b&scp=78650514698&origin=inward","https://www.scopus.com/inward/citedby.uri?partnerID=HzOxMe3b&scp=78650514698&origin=inward",69,"2021-03-18 10:43:54","Article","10.1016/j.dhjo.2010.02.003","1936-6574","https://api.elsevier.com/content/abstract/scopus_id/78650514698",4,1,52,57,36,3.60,36,1,10,""
36,"Y. Suh","Physical activity, disability, and mood in the early stage of multiple sclerosis",2010,"Disability and Health Journal","","https://www.scopus.com/inward/record.uri?partnerID=HzOxMe3b&scp=77949487803&origin=inward","https://www.scopus.com/inward/citedby.uri?partnerID=HzOxMe3b&scp=77949487803&origin=inward",70,"2021-03-18 10:43:54","Article","10.1016/j.dhjo.2009.09.002","1936-6574","https://api.elsevier.com/content/abstract/scopus_id/77949487803",3,2,93,98,36,3.27,36,1,11,""
35,"M. Alaqtash","Application of wearable sensors for human gait analysis using fuzzy computational algorithm",2011,"Engineering Applications of Artificial Intelligence","","https://www.scopus.com/inward/record.uri?partnerID=HzOxMe3b&scp=79959923814&origin=inward","https://www.scopus.com/inward/citedby.uri?partnerID=HzOxMe3b&scp=79959923814&origin=inward",71,"2021-03-18 10:43:54","Article","10.1016/j.engappai.2011.04.010","0952-1976","https://api.elsevier.com/content/abstract/scopus_id/79959923814",24,6,1018,1025,35,3.50,35,1,10,""
35,"R. Motl","Preliminary evidence that self-efficacy predicts physical activity in multiple sclerosis",2009,"International Journal of Rehabilitation Research","","https://www.scopus.com/inward/record.uri?partnerID=HzOxMe3b&scp=69749087827&origin=inward","https://www.scopus.com/inward/citedby.uri?partnerID=HzOxMe3b&scp=69749087827&origin=inward",72,"2021-03-18 10:43:54","Article","10.1097/MRR.0b013e328325a5ed","0342-5282","https://api.elsevier.com/content/abstract/scopus_id/69749087827",32,3,260,263,35,2.92,35,1,12,""
34,"M. Weikert","Accelerometry is associated with walking mobility, not physical activity, in persons with multiple sclerosis",2012,"Medical Engineering and Physics","","https://www.scopus.com/inward/record.uri?partnerID=HzOxMe3b&scp=84861338019&origin=inward","https://www.scopus.com/inward/citedby.uri?partnerID=HzOxMe3b&scp=84861338019&origin=inward",73,"2021-03-18 10:43:54","Article","10.1016/j.medengphy.2011.09.005","1350-4533","https://api.elsevier.com/content/abstract/scopus_id/84861338019",34,5,590,597,34,3.78,34,1,9,""
33,"L. Shammas","Home-based system for physical activity monitoring in patients with multiple sclerosis (Pilot study)",2014,"BioMedical Engineering Online","","https://www.scopus.com/inward/record.uri?partnerID=HzOxMe3b&scp=84894086626&origin=inward","https://www.scopus.com/inward/citedby.uri?partnerID=HzOxMe3b&scp=84894086626&origin=inward",74,"2021-03-18 10:43:54","Article","10.1186/1475-925X-13-10","1475-925X","https://api.elsevier.com/content/abstract/scopus_id/84894086626",13,1,,,33,4.71,33,1,7,""
33,"R.W. Motl","Longitudinal Analysis of Physical Activity and Symptoms as Predictors of Change in Functional Limitations and Disability in Multiple Sclerosis",2009,"Rehabilitation Psychology","","https://www.scopus.com/inward/record.uri?partnerID=HzOxMe3b&scp=67549102667&origin=inward","https://www.scopus.com/inward/citedby.uri?partnerID=HzOxMe3b&scp=67549102667&origin=inward",75,"2021-03-18 10:43:54","Article","10.1037/a0015770","0090-5550","https://api.elsevier.com/content/abstract/scopus_id/67549102667",54,2,204,210,33,2.75,33,1,12,""
33,"J. La Belle","A cytokine immunosensor for multiple sclerosis detection based upon label-free electrochemical impedance spectroscopy",2007,"Biosensors and Bioelectronics","","https://www.scopus.com/inward/record.uri?partnerID=HzOxMe3b&scp=34848895963&origin=inward","https://www.scopus.com/inward/citedby.uri?partnerID=HzOxMe3b&scp=34848895963&origin=inward",76,"2021-03-18 10:43:54","Article","10.1016/j.bios.2007.07.013","0956-5663","https://api.elsevier.com/content/abstract/scopus_id/34848895963",23,3,428,431,33,2.36,33,1,14,""
32,"R. Motl","Evidence for the different physiological significance of the 6- and 2-minute walk tests in multiple sclerosis",2012,"BMC Neurology","","https://www.scopus.com/inward/record.uri?partnerID=HzOxMe3b&scp=84857588462&origin=inward","https://www.scopus.com/inward/citedby.uri?partnerID=HzOxMe3b&scp=84857588462&origin=inward",77,"2021-03-18 10:43:54","Article","10.1186/1471-2377-12-6","1471-2377","https://api.elsevier.com/content/abstract/scopus_id/84857588462",12,,,,32,3.56,32,1,9,""
31,"B. Sandroff","Accelerometer cut-points derived during over-ground walking in persons with mild, moderate, and severe multiple sclerosis",2014,"Journal of the Neurological Sciences","","https://www.scopus.com/inward/record.uri?partnerID=HzOxMe3b&scp=84899986462&origin=inward","https://www.scopus.com/inward/citedby.uri?partnerID=HzOxMe3b&scp=84899986462&origin=inward",78,"2021-03-18 10:43:54","Article","10.1016/j.jns.2014.02.024","0022-510X","https://api.elsevier.com/content/abstract/scopus_id/84899986462",340,1,50,57,31,4.43,31,1,7,""
30,"M.C. Mojtahedi","Bone health in ambulatory individuals with multiple sclerosis: Impact of physical activity, glucocorticoid use, and body composition",2008,"Journal of Rehabilitation Research and Development","","https://www.scopus.com/inward/record.uri?partnerID=HzOxMe3b&scp=63249129760&origin=inward","https://www.scopus.com/inward/citedby.uri?partnerID=HzOxMe3b&scp=63249129760&origin=inward",79,"2021-03-18 10:43:54","Article","10.1682/JRRD.2007.10.0159","0748-7711","https://api.elsevier.com/content/abstract/scopus_id/63249129760",45,6,851,862,30,2.31,30,1,13,""
29,"D. Dlugonski","Steps per day among persons with multiple sclerosis: Variation by demographic, clinical, and device characteristics",2013,"Archives of Physical Medicine and Rehabilitation","","https://www.scopus.com/inward/record.uri?partnerID=HzOxMe3b&scp=84880923231&origin=inward","https://www.scopus.com/inward/citedby.uri?partnerID=HzOxMe3b&scp=84880923231&origin=inward",80,"2021-03-18 10:43:54","Article","10.1016/j.apmr.2012.12.014","0003-9993","https://api.elsevier.com/content/abstract/scopus_id/84880923231",94,8,1534,1539,29,3.63,29,1,8,""
29,"P. Fazio","Gait measures with a triaxial accelerometer among patients with neurological impairment",2013,"Neurological Sciences","","https://www.scopus.com/inward/record.uri?partnerID=HzOxMe3b&scp=84879686188&origin=inward","https://www.scopus.com/inward/citedby.uri?partnerID=HzOxMe3b&scp=84879686188&origin=inward",81,"2021-03-18 10:43:54","Article","10.1007/s10072-012-1017-x","1590-1874","https://api.elsevier.com/content/abstract/scopus_id/84879686188",34,4,435,440,29,3.63,29,1,8,""
29,"M. Benedetti","Self-reported gait unsteadiness in mildly impaired neurological patients: An objective assessment through statistical gait analysis",2012,"Journal of NeuroEngineering and Rehabilitation","","https://www.scopus.com/inward/record.uri?partnerID=HzOxMe3b&scp=84865442314&origin=inward","https://www.scopus.com/inward/citedby.uri?partnerID=HzOxMe3b&scp=84865442314&origin=inward",82,"2021-03-18 10:43:54","Article","10.1186/1743-0003-9-64","1743-0003","https://api.elsevier.com/content/abstract/scopus_id/84865442314",9,1,,,29,3.22,29,1,9,""
29,"A.L. Schmidt","Validity of the stepwatch step activity monitor: Preliminary findings for use in persons with parkinson disease and multiple sclerosis",2011,"Journal of Geriatric Physical Therapy","","https://www.scopus.com/inward/record.uri?partnerID=HzOxMe3b&scp=79955120291&origin=inward","https://www.scopus.com/inward/citedby.uri?partnerID=HzOxMe3b&scp=79955120291&origin=inward",83,"2021-03-18 10:43:54","Article","10.1519/JPT.0b013e31820aa921","1539-8412","https://api.elsevier.com/content/abstract/scopus_id/79955120291",34,1,41,45,29,2.90,29,1,10,""
29,"J.J. Sosnoff","Real-life walking impairment in multiple sclerosis: Preliminary comparison of four methods for processing accelerometry data",2010,"Multiple Sclerosis","","https://www.scopus.com/inward/record.uri?partnerID=HzOxMe3b&scp=77955017114&origin=inward","https://www.scopus.com/inward/citedby.uri?partnerID=HzOxMe3b&scp=77955017114&origin=inward",84,"2021-03-18 10:43:54","Article","10.1177/1352458510373111","1352-4585","https://api.elsevier.com/content/abstract/scopus_id/77955017114",16,7,868,877,29,2.64,29,1,11,""
29,"N. Kayes","Exploring Actical Accelerometers as an Objective Measure of Physical Activity in People With Multiple Sclerosis",2009,"Archives of Physical Medicine and Rehabilitation","","https://www.scopus.com/inward/record.uri?partnerID=HzOxMe3b&scp=63349086007&origin=inward","https://www.scopus.com/inward/citedby.uri?partnerID=HzOxMe3b&scp=63349086007&origin=inward",85,"2021-03-18 10:43:54","Article","10.1016/j.apmr.2008.10.012","0003-9993","https://api.elsevier.com/content/abstract/scopus_id/63349086007",90,4,594,601,29,2.42,29,1,12,""
29,"F. Real-Fernández","Ferrocenyl glycopeptides as electrochemical probes to detect autoantibodies in multiple sclerosis patients' sera",2008,"Biopolymers - Peptide Science Section","","https://www.scopus.com/inward/record.uri?partnerID=HzOxMe3b&scp=51849124387&origin=inward","https://www.scopus.com/inward/citedby.uri?partnerID=HzOxMe3b&scp=51849124387&origin=inward",86,"2021-03-18 10:43:54","Article","10.1002/bip.20955","0006-3525","https://api.elsevier.com/content/abstract/scopus_id/51849124387",90,4,488,495,29,2.23,29,1,13,""
28,"I. Lamers","Perceived and actual arm performance in multiple sclerosis: Relationship with clinical tests according to hand dominance",2013,"Multiple Sclerosis Journal","","https://www.scopus.com/inward/record.uri?partnerID=HzOxMe3b&scp=84883369419&origin=inward","https://www.scopus.com/inward/citedby.uri?partnerID=HzOxMe3b&scp=84883369419&origin=inward",87,"2021-03-18 10:43:54","Article","10.1177/1352458513475832","1352-4585","https://api.elsevier.com/content/abstract/scopus_id/84883369419",19,10,1341,1348,28,3.50,28,1,8,""
28,"R. Hilfiker","Local dynamic stability as a responsive index for the evaluation of rehabilitation effect on fall risk in patients with multiple sclerosis: A longitudinal study",2013,"BMC Research Notes","","https://www.scopus.com/inward/record.uri?partnerID=HzOxMe3b&scp=84880016805&origin=inward","https://www.scopus.com/inward/citedby.uri?partnerID=HzOxMe3b&scp=84880016805&origin=inward",88,"2021-03-18 10:43:54","Article","10.1186/1756-0500-6-260","1756-0500","https://api.elsevier.com/content/abstract/scopus_id/84880016805",6,1,,,28,3.50,28,1,8,""
27,"J. Daneault","Using a smart phone as a standalone platform for detection and monitoring of pathological tremors",2012,"Frontiers in Human Neuroscience","","https://www.scopus.com/inward/record.uri?partnerID=HzOxMe3b&scp=84872061728&origin=inward","https://www.scopus.com/inward/citedby.uri?partnerID=HzOxMe3b&scp=84872061728&origin=inward",89,"2021-03-18 10:43:54","Article","10.3389/fnhum.2012.00357","1662-5161","https://api.elsevier.com/content/abstract/scopus_id/84872061728",,,1,31,27,3.00,27,1,9,""
26,"F. Real-Fernández","Glycopeptide-based antibody detection in multiple sclerosis by surface plasmon resonance",2012,"Sensors (Switzerland)","","https://www.scopus.com/inward/record.uri?partnerID=HzOxMe3b&scp=84861544418&origin=inward","https://www.scopus.com/inward/citedby.uri?partnerID=HzOxMe3b&scp=84861544418&origin=inward",90,"2021-03-18 10:43:54","Article","10.3390/s120505596","1424-8220","https://api.elsevier.com/content/abstract/scopus_id/84861544418",12,5,5596,5607,26,2.89,26,1,9,""
26,"N. Kayes","The Physical Activity and Disability Survey (PADS): Reliability, validity and acceptability in people with multiple sclerosis",2007,"Clinical Rehabilitation","","https://www.scopus.com/inward/record.uri?partnerID=HzOxMe3b&scp=34547837470&origin=inward","https://www.scopus.com/inward/citedby.uri?partnerID=HzOxMe3b&scp=34547837470&origin=inward",91,"2021-03-18 10:43:54","Article","10.1177/0269215507075516","0269-2155","https://api.elsevier.com/content/abstract/scopus_id/34547837470",21,7,628,639,26,1.86,26,1,14,""
26,"M. Daumer","Steps towards a miniaturized, robust and autonomous measurement device for the long-term monitoring of patient activity: ActiBelt",2007,"Biomedizinische Technik","","https://www.scopus.com/inward/record.uri?partnerID=HzOxMe3b&scp=34247280387&origin=inward","https://www.scopus.com/inward/citedby.uri?partnerID=HzOxMe3b&scp=34247280387&origin=inward",92,"2021-03-18 10:43:54","Article","10.1515/BMT.2007.028","0013-5585","https://api.elsevier.com/content/abstract/scopus_id/34247280387",52,1,149,155,26,1.86,26,1,14,""
25,"M. Daumer","Prognosis of the individual course of disease: the elements of time, hetereogeneity and precision",2009,"Journal of the Neurological Sciences","","https://www.scopus.com/inward/record.uri?partnerID=HzOxMe3b&scp=72649097021&origin=inward","https://www.scopus.com/inward/citedby.uri?partnerID=HzOxMe3b&scp=72649097021&origin=inward",93,"2021-03-18 10:43:54","Article","10.1016/S0022-510X(09)71301-2","0022-510X","https://api.elsevier.com/content/abstract/scopus_id/72649097021",287,,,,25,2.08,25,1,12,""
24,"Y. Nakamura","RNA plasticity and selectivity applicable to therapeutics and novel biosensor development",2012,"Genes to Cells","","https://www.scopus.com/inward/record.uri?partnerID=HzOxMe3b&scp=84859881576&origin=inward","https://www.scopus.com/inward/citedby.uri?partnerID=HzOxMe3b&scp=84859881576&origin=inward",94,"2021-03-18 10:43:54","Article","10.1111/j.1365-2443.2012.01596.x","1356-9597","https://api.elsevier.com/content/abstract/scopus_id/84859881576",17,5,344,364,24,2.67,24,1,9,""
24,"M. Brewer","Future Approaches of Nanomedicine in Clinical Science",2007,"Medical Clinics of North America","","https://www.scopus.com/inward/record.uri?partnerID=HzOxMe3b&scp=34548422340&origin=inward","https://www.scopus.com/inward/citedby.uri?partnerID=HzOxMe3b&scp=34548422340&origin=inward",95,"2021-03-18 10:43:54","Review","10.1016/j.mcna.2007.05.006","0025-7125","https://api.elsevier.com/content/abstract/scopus_id/34548422340",91,5,963,1016,24,1.71,24,1,14,""
23,"R. Motl","Commercially available accelerometry as an ecologically valid measure of ambulation in individuals with multiple sclerosis",2012,"Expert Review of Neurotherapeutics","","https://www.scopus.com/inward/record.uri?partnerID=HzOxMe3b&scp=84867307400&origin=inward","https://www.scopus.com/inward/citedby.uri?partnerID=HzOxMe3b&scp=84867307400&origin=inward",96,"2021-03-18 10:43:54","Review","10.1586/ern.12.74","1473-7175","https://api.elsevier.com/content/abstract/scopus_id/84867307400",12,9,1079,1088,23,2.56,23,1,9,""
23,"G. Sechi","Effects of topiramate in patients with cerebellar tremor",2003,"Progress in Neuro-Psychopharmacology and Biological Psychiatry","","https://www.scopus.com/inward/record.uri?partnerID=HzOxMe3b&scp=0141517140&origin=inward","https://www.scopus.com/inward/citedby.uri?partnerID=HzOxMe3b&scp=0141517140&origin=inward",97,"2021-03-18 10:43:54","Article","10.1016/S0278-5846(03)00170-2","0278-5846","https://api.elsevier.com/content/abstract/scopus_id/0141517140",27,6,1023,1027,23,1.28,23,1,18,""
22,"M. Plow","Randomized controlled trial of a teleconference fatigue management plus physical activity intervention in adults with multiple sclerosis: rationale and research protocol",2012,"BMC Neurology","","https://www.scopus.com/inward/record.uri?partnerID=HzOxMe3b&scp=84867431897&origin=inward","https://www.scopus.com/inward/citedby.uri?partnerID=HzOxMe3b&scp=84867431897&origin=inward",98,"2021-03-18 10:43:54","Article","10.1186/1471-2377-12-122","1471-2377","https://api.elsevier.com/content/abstract/scopus_id/84867431897",12,,,,22,2.44,22,1,9,""
21,"E. Ambrosini","Functional and usability assessment of a robotic exoskeleton arm to support activities of daily life",2014,"Robotica","","https://www.scopus.com/inward/record.uri?partnerID=HzOxMe3b&scp=84927697037&origin=inward","https://www.scopus.com/inward/citedby.uri?partnerID=HzOxMe3b&scp=84927697037&origin=inward",99,"2021-03-18 10:43:54","Article","10.1017/S0263574714001891","0263-5747","https://api.elsevier.com/content/abstract/scopus_id/84927697037",32,8,1213,1224,21,3.00,21,1,7,""
21,"Y. Suh","Social Cognitive Predictors of Physical Activity in Relapsing-Remitting Multiple Sclerosis",2014,"International Journal of Behavioral Medicine","","https://www.scopus.com/inward/record.uri?partnerID=HzOxMe3b&scp=84912044582&origin=inward","https://www.scopus.com/inward/citedby.uri?partnerID=HzOxMe3b&scp=84912044582&origin=inward",100,"2021-03-18 10:43:54","Article","10.1007/s12529-013-9382-2","1070-5503","https://api.elsevier.com/content/abstract/scopus_id/84912044582",21,6,891,898,21,3.00,21,1,7,""
21,"O. Geman","Automatic assessing of tremor severity using nonlinear dynamics, artificial neural networks and neuro-fuzzy classifier",2014,"Advances in Electrical and Computer Engineering","","https://www.scopus.com/inward/record.uri?partnerID=HzOxMe3b&scp=84894623357&origin=inward","https://www.scopus.com/inward/citedby.uri?partnerID=HzOxMe3b&scp=84894623357&origin=inward",101,"2021-03-18 10:43:54","Article","10.4316/AECE.2014.01020","1582-7445","https://api.elsevier.com/content/abstract/scopus_id/84894623357",14,1,133,138,21,3.00,21,1,7,""
21,"R. Motl","Reliability of physical-activity measures over six months in adults with multiple sclerosis: Implications for designing behavioral interventions",2014,"Behavioral Medicine","","https://www.scopus.com/inward/record.uri?partnerID=HzOxMe3b&scp=84894149737&origin=inward","https://www.scopus.com/inward/citedby.uri?partnerID=HzOxMe3b&scp=84894149737&origin=inward",102,"2021-03-18 10:43:54","Article","10.1080/08964289.2013.821966","0896-4289","https://api.elsevier.com/content/abstract/scopus_id/84894149737",40,1,29,33,21,3.00,21,1,7,""
21,"S. Sonenblum","Distinct tilting behaviours with power tilt-in-space systems",2011,"Disability and Rehabilitation: Assistive Technology","","https://www.scopus.com/inward/record.uri?partnerID=HzOxMe3b&scp=79958224434&origin=inward","https://www.scopus.com/inward/citedby.uri?partnerID=HzOxMe3b&scp=79958224434&origin=inward",103,"2021-03-18 10:43:54","Article","10.3109/17483107.2011.580900","1748-3107","https://api.elsevier.com/content/abstract/scopus_id/79958224434",6,6,526,535,21,2.10,21,1,10,""
21,"R. Motl","Association between change in physical activity and short-term disability progression in multiple sclerosis",2011,"Journal of Rehabilitation Medicine","","https://www.scopus.com/inward/record.uri?partnerID=HzOxMe3b&scp=79953287028&origin=inward","https://www.scopus.com/inward/citedby.uri?partnerID=HzOxMe3b&scp=79953287028&origin=inward",104,"2021-03-18 10:43:54","Article","10.2340/16501977-0782","1650-1977","https://api.elsevier.com/content/abstract/scopus_id/79953287028",43,4,305,310,21,2.10,21,1,10,""
20,"L. Pilutti","Weight status in persons with multiple sclerosis: Implications for mobility outcomes",2012,"Journal of Obesity","","https://www.scopus.com/inward/record.uri?partnerID=HzOxMe3b&scp=84877276284&origin=inward","https://www.scopus.com/inward/citedby.uri?partnerID=HzOxMe3b&scp=84877276284&origin=inward",105,"2021-03-18 10:43:54","Article","10.1155/2012/868256","2090-0708","https://api.elsevier.com/content/abstract/scopus_id/84877276284",2012,,,,20,2.22,20,1,9,""
19,"R. Motl","Objective monitoring of physical activity behavior in multiple sclerosis",2010,"Physical Therapy Reviews","","https://www.scopus.com/inward/record.uri?partnerID=HzOxMe3b&scp=84865799027&origin=inward","https://www.scopus.com/inward/citedby.uri?partnerID=HzOxMe3b&scp=84865799027&origin=inward",106,"2021-03-18 10:43:54","Article","10.1179/174328810X12814016178953","1083-3196","https://api.elsevier.com/content/abstract/scopus_id/84865799027",15,3,204,211,19,1.73,19,1,11,""
19,"S. Scott","Surface EMG characteristics of people with multiple sclerosis during static contractions of the knee extensors",2011,"Clinical Physiology and Functional Imaging","","https://www.scopus.com/inward/record.uri?partnerID=HzOxMe3b&scp=78650138747&origin=inward","https://www.scopus.com/inward/citedby.uri?partnerID=HzOxMe3b&scp=78650138747&origin=inward",107,"2021-03-18 10:43:54","Article","10.1111/j.1475-097X.2010.00972.x","1475-0961","https://api.elsevier.com/content/abstract/scopus_id/78650138747",31,1,11,17,19,1.90,19,1,10,""
17,"Q. Wang","Literature review on wearable systems in upper extremity rehabilitation",2014,"2014 IEEE-EMBS International Conference on Biomedical and Health Informatics, BHI 2014","","https://www.scopus.com/inward/record.uri?partnerID=HzOxMe3b&scp=84906875128&origin=inward","https://www.scopus.com/inward/citedby.uri?partnerID=HzOxMe3b&scp=84906875128&origin=inward",108,"2021-03-18 10:43:54","Conference Paper","10.1109/BHI.2014.6864424","","https://api.elsevier.com/content/abstract/scopus_id/84906875128",,,551,555,17,2.43,17,1,7,""
17,"R. Motl","Validity of minimal clinically important difference values for the multiple sclerosis walking scale-12?",2014,"European Neurology","","https://www.scopus.com/inward/record.uri?partnerID=HzOxMe3b&scp=84892729641&origin=inward","https://www.scopus.com/inward/citedby.uri?partnerID=HzOxMe3b&scp=84892729641&origin=inward",109,"2021-03-18 10:43:54","Article","10.1159/000356116","0014-3022","https://api.elsevier.com/content/abstract/scopus_id/84892729641",71,3,196,202,17,2.43,17,1,7,""
17,"Y. Baram","Virtual sensory feedback for gait improvement in neurological patients",2013,"Frontiers in Neural Circuits","","https://www.scopus.com/inward/record.uri?partnerID=HzOxMe3b&scp=84874698218&origin=inward","https://www.scopus.com/inward/citedby.uri?partnerID=HzOxMe3b&scp=84874698218&origin=inward",110,"2021-03-18 10:43:54","Review","10.3389/fncir.2013.00039","1662-5110","https://api.elsevier.com/content/abstract/scopus_id/84874698218",,,,,17,2.13,17,1,8,""
17,"S. Coote","Comparative validity of accelerometer-based measures of physical activity for people with multiple sclerosis",2012,"Archives of Physical Medicine and Rehabilitation","","https://www.scopus.com/inward/record.uri?partnerID=HzOxMe3b&scp=84867840302&origin=inward","https://www.scopus.com/inward/citedby.uri?partnerID=HzOxMe3b&scp=84867840302&origin=inward",111,"2021-03-18 10:43:54","Article","10.1016/j.apmr.2012.05.010","0003-9993","https://api.elsevier.com/content/abstract/scopus_id/84867840302",93,11,2022,2028,17,1.89,17,1,9,""
17,"H. Journee","Intraoperative neurophysiological assessment of disabling symptoms in DBS surgery",2007,"Neurophysiologie Clinique","","https://www.scopus.com/inward/record.uri?partnerID=HzOxMe3b&scp=36849007087&origin=inward","https://www.scopus.com/inward/citedby.uri?partnerID=HzOxMe3b&scp=36849007087&origin=inward",112,"2021-03-18 10:43:54","Article","10.1016/j.neucli.2007.10.006","0987-7053","https://api.elsevier.com/content/abstract/scopus_id/36849007087",37,6,467,475,17,1.21,17,1,14,""
16,"B.M. Sandroff","Physical activity is associated with cognitive processing speed in persons with multiple sclerosis",2014,"Multiple Sclerosis and Related Disorders","","https://www.scopus.com/inward/record.uri?partnerID=HzOxMe3b&scp=84884291170&origin=inward","https://www.scopus.com/inward/citedby.uri?partnerID=HzOxMe3b&scp=84884291170&origin=inward",113,"2021-03-18 10:43:54","Article","10.1016/j.msard.2013.04.003","2211-0348","https://api.elsevier.com/content/abstract/scopus_id/84884291170",3,1,123,128,16,2.29,16,1,7,""
16,"D. Dlugonski","Possible antecedents and consequences of self-esteem in persons with multiple sclerosis: Preliminary evidence from a cross-sectional analysis",2012,"Rehabilitation Psychology","","https://www.scopus.com/inward/record.uri?partnerID=HzOxMe3b&scp=84861747675&origin=inward","https://www.scopus.com/inward/citedby.uri?partnerID=HzOxMe3b&scp=84861747675&origin=inward",114,"2021-03-18 10:43:54","Article","10.1037/a0027176","0090-5550","https://api.elsevier.com/content/abstract/scopus_id/84861747675",57,1,35,42,16,1.78,16,1,9,""
16,"L. Klassen","An exploratory study of two measures of free-living physical activity for people with multiple sclerosis",2008,"Clinical Rehabilitation","","https://www.scopus.com/inward/record.uri?partnerID=HzOxMe3b&scp=41549103712&origin=inward","https://www.scopus.com/inward/citedby.uri?partnerID=HzOxMe3b&scp=41549103712&origin=inward",115,"2021-03-18 10:43:54","Article","10.1177/0269215507082740","0269-2155","https://api.elsevier.com/content/abstract/scopus_id/41549103712",22,3,260,271,16,1.23,16,1,13,""
16,"R.W. Motl","Are Physical Activity and Symptoms Correlates of Functional Limitations and Disability in Multiple Sclerosis?",2007,"Rehabilitation Psychology","","https://www.scopus.com/inward/record.uri?partnerID=HzOxMe3b&scp=37649002364&origin=inward","https://www.scopus.com/inward/citedby.uri?partnerID=HzOxMe3b&scp=37649002364&origin=inward",116,"2021-03-18 10:43:54","Article","10.1037/0090-5550.52.4.463","0090-5550","https://api.elsevier.com/content/abstract/scopus_id/37649002364",52,4,463,469,16,1.14,16,1,14,""
16,"M.H. Morgan","Intention tremor: a method of measurement",1975,"Journal of Neurology Neurosurgery and Psychiatry","","https://www.scopus.com/inward/record.uri?partnerID=HzOxMe3b&scp=0016793196&origin=inward","https://www.scopus.com/inward/citedby.uri?partnerID=HzOxMe3b&scp=0016793196&origin=inward",117,"2021-03-18 10:43:54","Article","10.1136/jnnp.38.3.253","0022-3050","https://api.elsevier.com/content/abstract/scopus_id/0016793196",38,3,253,258,16,0.35,16,1,46,""
15,"B. Sandroff","Physical activity and information processing speed in persons with multiple sclerosis: A prospective study",2013,"Mental Health and Physical Activity","","https://www.scopus.com/inward/record.uri?partnerID=HzOxMe3b&scp=84890120892&origin=inward","https://www.scopus.com/inward/citedby.uri?partnerID=HzOxMe3b&scp=84890120892&origin=inward",118,"2021-03-18 10:43:54","Article","10.1016/j.mhpa.2013.08.001","1755-2966","https://api.elsevier.com/content/abstract/scopus_id/84890120892",6,3,205,211,15,1.88,15,1,8,""
15,"R. Motl","Does a waist-worn accelerometer capture intra- and inter-person variation in walking behavior among persons with multiple sclerosis?",2010,"Medical Engineering and Physics","","https://www.scopus.com/inward/record.uri?partnerID=HzOxMe3b&scp=78449232300&origin=inward","https://www.scopus.com/inward/citedby.uri?partnerID=HzOxMe3b&scp=78449232300&origin=inward",119,"2021-03-18 10:43:54","Article","10.1016/j.medengphy.2010.08.015","1350-4533","https://api.elsevier.com/content/abstract/scopus_id/78449232300",32,10,1224,1228,15,1.36,15,1,11,""
15,"L. Hale","Reliability of RT3 accelerometer for measuring mobility in people with multiple sclerosis: Pilot study",2007,"Journal of Rehabilitation Research and Development","","https://www.scopus.com/inward/record.uri?partnerID=HzOxMe3b&scp=34548075037&origin=inward","https://www.scopus.com/inward/citedby.uri?partnerID=HzOxMe3b&scp=34548075037&origin=inward",120,"2021-03-18 10:43:54","Article","10.1682/JRRD.2005.09.0155","0748-7711","https://api.elsevier.com/content/abstract/scopus_id/34548075037",44,4,619,627,15,1.07,15,1,14,""
14,"B. Sandroff","Comparison of ActiGraph activity monitors in persons with multiple sclerosis and controls",2013,"Disability and Rehabilitation","","https://www.scopus.com/inward/record.uri?partnerID=HzOxMe3b&scp=84875943000&origin=inward","https://www.scopus.com/inward/citedby.uri?partnerID=HzOxMe3b&scp=84875943000&origin=inward",121,"2021-03-18 10:43:54","Article","10.3109/09638288.2012.707745","0963-8288","https://api.elsevier.com/content/abstract/scopus_id/84875943000",35,9,725,731,14,1.75,14,1,8,""
14,"J.E. Deutsch","Virtual reality and gaming systems to improve walking and mobility for people with musculoskeletal and neuromuscular conditions",2009,"Studies in Health Technology and Informatics","","https://www.scopus.com/inward/record.uri?partnerID=HzOxMe3b&scp=70349578818&origin=inward","https://www.scopus.com/inward/citedby.uri?partnerID=HzOxMe3b&scp=70349578818&origin=inward",122,"2021-03-18 10:43:54","Conference Paper","10.3233/978-1-60750-018-6-84","0926-9630","https://api.elsevier.com/content/abstract/scopus_id/70349578818",145,,84,93,14,1.17,14,1,12,""
14,"E. Gibbs","A biosensor-based characterization of the affinity maturation of the immune response against interferon-β and correlations with neutralizing antibodies in treated multiple sclerosis patients",2008,"Journal of Interferon and Cytokine Research","","https://www.scopus.com/inward/record.uri?partnerID=HzOxMe3b&scp=57149120376&origin=inward","https://www.scopus.com/inward/citedby.uri?partnerID=HzOxMe3b&scp=57149120376&origin=inward",123,"2021-03-18 10:43:54","Article","10.1089/jir.2008.0144","1079-9907","https://api.elsevier.com/content/abstract/scopus_id/57149120376",28,12,713,723,14,1.08,14,1,13,""
13,"E. Hubbard","Sedentary behavior is associated with disability status and walking performance, but not cognitive function, in multiple sclerosis",2014,"Applied Physiology, Nutrition and Metabolism","","https://www.scopus.com/inward/record.uri?partnerID=HzOxMe3b&scp=84961288308&origin=inward","https://www.scopus.com/inward/citedby.uri?partnerID=HzOxMe3b&scp=84961288308&origin=inward",124,"2021-03-18 10:43:54","Article","10.1139/apnm-2014-0271","1715-5312","https://api.elsevier.com/content/abstract/scopus_id/84961288308",40,2,203,206,13,1.86,13,1,7,""
13,"B. Swan","Investigation of deep brain stimulation mechanisms during implantable pulse generator replacement surgery",2014,"Neuromodulation","","https://www.scopus.com/inward/record.uri?partnerID=HzOxMe3b&scp=84905161168&origin=inward","https://www.scopus.com/inward/citedby.uri?partnerID=HzOxMe3b&scp=84905161168&origin=inward",125,"2021-03-18 10:43:54","Article","10.1111/ner.12123","1094-7159","https://api.elsevier.com/content/abstract/scopus_id/84905161168",17,5,419,424,13,1.86,13,1,7,""
13,"R.W. Motl","Continued validation of the Symptom Inventory in multiple sclerosis",2009,"Journal of the Neurological Sciences","","https://www.scopus.com/inward/record.uri?partnerID=HzOxMe3b&scp=69549086362&origin=inward","https://www.scopus.com/inward/citedby.uri?partnerID=HzOxMe3b&scp=69549086362&origin=inward",126,"2021-03-18 10:43:54","Article","10.1016/j.jns.2009.06.015","0022-510X","https://api.elsevier.com/content/abstract/scopus_id/69549086362",285,1,134,136,13,1.08,13,1,12,""
12,"R. Mehanna","Comparing two deep brain stimulation leads to one in refractory tremor",2014,"Cerebellum","","https://www.scopus.com/inward/record.uri?partnerID=HzOxMe3b&scp=84904640226&origin=inward","https://www.scopus.com/inward/citedby.uri?partnerID=HzOxMe3b&scp=84904640226&origin=inward",127,"2021-03-18 10:43:54","Article","10.1007/s12311-014-0552-9","1473-4222","https://api.elsevier.com/content/abstract/scopus_id/84904640226",13,4,425,432,12,1.71,12,1,7,""
12,"G. Lindberg","High-resolution manometry changes our views of gastrointestinal motility",2013,"Neurogastroenterology and Motility","","https://www.scopus.com/inward/record.uri?partnerID=HzOxMe3b&scp=84884724694&origin=inward","https://www.scopus.com/inward/citedby.uri?partnerID=HzOxMe3b&scp=84884724694&origin=inward",128,"2021-03-18 10:43:54","Article","10.1111/nmo.12225","1350-1925","https://api.elsevier.com/content/abstract/scopus_id/84884724694",25,10,780,782,12,1.50,12,1,8,""
12,"F. Yu","A wireless body measurement system to study fatigue in multiple sclerosis",2012,"Physiological Measurement","","https://www.scopus.com/inward/record.uri?partnerID=HzOxMe3b&scp=84869186970&origin=inward","https://www.scopus.com/inward/citedby.uri?partnerID=HzOxMe3b&scp=84869186970&origin=inward",129,"2021-03-18 10:43:54","Article","10.1088/0967-3334/33/12/2033","0967-3334","https://api.elsevier.com/content/abstract/scopus_id/84869186970",33,12,2033,2048,12,1.33,12,1,9,""
12,"P.F. Grčić","Responsiveness of walking-based outcome measures after multiple sclerosis relapses following steroid pulses",2011,"Medical Science Monitor","","https://www.scopus.com/inward/record.uri?partnerID=HzOxMe3b&scp=82755168740&origin=inward","https://www.scopus.com/inward/citedby.uri?partnerID=HzOxMe3b&scp=82755168740&origin=inward",130,"2021-03-18 10:43:54","Article","10.12659/msm.882130","1234-1010","https://api.elsevier.com/content/abstract/scopus_id/82755168740",17,12,,,12,1.20,12,1,10,""
12,"R. Motl","Does the relationship between physical activity and quality of life differ based on generic versus disease-targeted instruments?",2008,"Annals of Behavioral Medicine","","https://www.scopus.com/inward/record.uri?partnerID=HzOxMe3b&scp=53849096673&origin=inward","https://www.scopus.com/inward/citedby.uri?partnerID=HzOxMe3b&scp=53849096673&origin=inward",131,"2021-03-18 10:43:54","Article","10.1007/s12160-008-9049-4","0883-6612","https://api.elsevier.com/content/abstract/scopus_id/53849096673",36,1,93,99,12,0.92,12,1,13,""
11,"Y. Baram","Gait improvement in patients with cerebral palsy by visual and auditory feedback",2009,"2009 Virtual Rehabilitation International Conference, VR 2009","","https://www.scopus.com/inward/record.uri?partnerID=HzOxMe3b&scp=70449084565&origin=inward","https://www.scopus.com/inward/citedby.uri?partnerID=HzOxMe3b&scp=70449084565&origin=inward",132,"2021-03-18 10:43:54","Conference Paper","10.1109/ICVR.2009.5174222","","https://api.elsevier.com/content/abstract/scopus_id/70449084565",,,146,149,11,0.92,11,1,12,""
8,"M.V. Villarejo","Technological solution for determining gait parametersusing pressure sensors: A case study of multiple sclerosis patients",2014,"Bio-Medical Materials and Engineering","","https://www.scopus.com/inward/record.uri?partnerID=HzOxMe3b&scp=84907264712&origin=inward","https://www.scopus.com/inward/citedby.uri?partnerID=HzOxMe3b&scp=84907264712&origin=inward",133,"2021-03-18 10:43:54","Conference Paper","10.3233/BME-141177","0959-2989","https://api.elsevier.com/content/abstract/scopus_id/84907264712",24,6,3511,3522,8,1.14,8,1,7,""
8,"K. Ickmans","Recovery of peripheral muscle function from fatiguing exercise and daily physical activity level in patients with multiple sclerosis: A case-control study",2014,"Clinical Neurology and Neurosurgery","","https://www.scopus.com/inward/record.uri?partnerID=HzOxMe3b&scp=84901044687&origin=inward","https://www.scopus.com/inward/citedby.uri?partnerID=HzOxMe3b&scp=84901044687&origin=inward",134,"2021-03-18 10:43:54","Article","10.1016/j.clineuro.2014.04.021","0303-8467","https://api.elsevier.com/content/abstract/scopus_id/84901044687",122,,97,105,8,1.14,8,1,7,""
8,"Z. Krištofiková","Neuroinflammation and complexes of 17β-hydroxysteroid dehydrogenase type 10 - amyloid β in alzheimeŕs disease",2013,"Current Alzheimer Research","","https://www.scopus.com/inward/record.uri?partnerID=HzOxMe3b&scp=84874953574&origin=inward","https://www.scopus.com/inward/citedby.uri?partnerID=HzOxMe3b&scp=84874953574&origin=inward",135,"2021-03-18 10:43:54","Article","10.2174/1567205011310020006","1567-2050","https://api.elsevier.com/content/abstract/scopus_id/84874953574",10,2,165,173,8,1.00,8,1,8,""
7,"J. Sosnoff","Does a waist-worn ActiGraph accelerometer quantify community ambulation in persons with multiple sclerosis?",2012,"Journal of Rehabilitation Research and Development","","https://www.scopus.com/inward/record.uri?partnerID=HzOxMe3b&scp=84872701264&origin=inward","https://www.scopus.com/inward/citedby.uri?partnerID=HzOxMe3b&scp=84872701264&origin=inward",136,"2021-03-18 10:43:54","Article","10.1682/JRRD.2011.11.0218","0748-7711","https://api.elsevier.com/content/abstract/scopus_id/84872701264",49,9,1405,1410,7,0.78,7,1,9,""
7,"S. Schlesinger","Is it possible to measure mobility deficits of patients suffering from multiple sclerosis?: Evaluation of mobility of patients with MS and motor dysfunctions by means of accelerometers",2011,"Klinische Neurophysiologie","","https://www.scopus.com/inward/record.uri?partnerID=HzOxMe3b&scp=79952683316&origin=inward","https://www.scopus.com/inward/citedby.uri?partnerID=HzOxMe3b&scp=79952683316&origin=inward",137,"2021-03-18 10:43:54","Article","10.1055/s-0031-1271750","1434-0275","https://api.elsevier.com/content/abstract/scopus_id/79952683316",42,1,17,21,7,0.70,7,1,10,""
7,"Y. Baram","Glide-symmetric locomotion reinforcement in patients with multiple sclerosis by visual feedback",2010,"Disability and Rehabilitation: Assistive Technology","","https://www.scopus.com/inward/record.uri?partnerID=HzOxMe3b&scp=77954846108&origin=inward","https://www.scopus.com/inward/citedby.uri?partnerID=HzOxMe3b&scp=77954846108&origin=inward",138,"2021-03-18 10:43:54","Article","10.3109/17483101003671717","1748-3107","https://api.elsevier.com/content/abstract/scopus_id/77954846108",5,5,323,326,7,0.64,7,1,11,""
7,"A.R. Potvin","Validity of quantitative tests measuring tremor",1975,"American Journal of Physical Medicine","","https://www.scopus.com/inward/record.uri?partnerID=HzOxMe3b&scp=0016567423&origin=inward","https://www.scopus.com/inward/citedby.uri?partnerID=HzOxMe3b&scp=0016567423&origin=inward",139,"2021-03-18 10:43:54","Article","","0002-9491","https://api.elsevier.com/content/abstract/scopus_id/0016567423",54,5,243,252,7,0.15,7,1,46,""
6,"X. Li","Thermoelectric cooling device integrated with PCM heat storage for ms patients",2014,"Energy Procedia","","https://www.scopus.com/inward/record.uri?partnerID=HzOxMe3b&scp=84922384890&origin=inward","https://www.scopus.com/inward/citedby.uri?partnerID=HzOxMe3b&scp=84922384890&origin=inward",140,"2021-03-18 10:43:54","Conference Paper","10.1016/j.egypro.2014.12.014","1876-6102","https://api.elsevier.com/content/abstract/scopus_id/84922384890",61,,2399,2402,6,0.86,6,1,7,""
5,"C. Schwartz","Investigating the minimal important difference in ambulation in multiple sclerosis: A disconnect between performance-based and patient-reported outcomes?",2014,"Journal of the Neurological Sciences","","https://www.scopus.com/inward/record.uri?partnerID=HzOxMe3b&scp=84920143068&origin=inward","https://www.scopus.com/inward/citedby.uri?partnerID=HzOxMe3b&scp=84920143068&origin=inward",141,"2021-03-18 10:43:54","Article","10.1016/j.jns.2014.10.021","0022-510X","https://api.elsevier.com/content/abstract/scopus_id/84920143068",347,1,268,274,5,0.71,5,1,7,""
5,"P. Filipović Grčić","Correlation analysis of visual analogue scale and measures of walking ability in multiple sclerosis patients",2013,"Acta Neurologica Belgica","","https://www.scopus.com/inward/record.uri?partnerID=HzOxMe3b&scp=84891641774&origin=inward","https://www.scopus.com/inward/citedby.uri?partnerID=HzOxMe3b&scp=84891641774&origin=inward",142,"2021-03-18 10:43:54","Article","10.1007/s13760-013-0187-5","0300-9009","https://api.elsevier.com/content/abstract/scopus_id/84891641774",113,4,397,402,5,0.63,5,1,8,""
5,"B.M. Sandroff","Accelerometer measured physical activity and the integrity of the anterior visual pathway in multiple sclerosis",2014,"Multiple Sclerosis and Related Disorders","","https://www.scopus.com/inward/record.uri?partnerID=HzOxMe3b&scp=84884291544&origin=inward","https://www.scopus.com/inward/citedby.uri?partnerID=HzOxMe3b&scp=84884291544&origin=inward",143,"2021-03-18 10:43:54","Article","10.1016/j.msard.2013.06.014","2211-0348","https://api.elsevier.com/content/abstract/scopus_id/84884291544",3,1,117,122,5,0.71,5,1,7,""
4,"S. Morrison","The dynamics of finger tremor in multiple sclerosis is affected by whole body position",2013,"Journal of the Neurological Sciences","","https://www.scopus.com/inward/record.uri?partnerID=HzOxMe3b&scp=84870884241&origin=inward","https://www.scopus.com/inward/citedby.uri?partnerID=HzOxMe3b&scp=84870884241&origin=inward",144,"2021-03-18 10:43:54","Article","10.1016/j.jns.2012.10.007","0022-510X","https://api.elsevier.com/content/abstract/scopus_id/84870884241",324,1,84,89,4,0.50,4,1,8,""
4,"A. Rashid","Usage of accelerometers in home care for multiple sclerosis patients",2007,"European Conference on eHealth 2007, Proceedings of the ECEH 2007","","https://www.scopus.com/inward/record.uri?partnerID=HzOxMe3b&scp=80054887921&origin=inward","https://www.scopus.com/inward/citedby.uri?partnerID=HzOxMe3b&scp=80054887921&origin=inward",145,"2021-03-18 10:43:54","Conference Paper","","","https://api.elsevier.com/content/abstract/scopus_id/80054887921",,,177,191,4,0.29,4,1,14,""
4,"P. Brown","A new clinical technique for demonstrating changes in eye acceleration during horizontal saccades in patients with partial internuclear ophthalmoplegias",1998,"Journal of Neuro-Ophthalmology","","https://www.scopus.com/inward/record.uri?partnerID=HzOxMe3b&scp=0031881429&origin=inward","https://www.scopus.com/inward/citedby.uri?partnerID=HzOxMe3b&scp=0031881429&origin=inward",146,"2021-03-18 10:43:54","Article","10.1097/00041327-199803000-00009","1070-8022","https://api.elsevier.com/content/abstract/scopus_id/0031881429",18,1,36,39,4,0.17,4,1,23,""
3,"M. Vandermaesen","ReHoblet - A home-based rehabilitation game on the tablet",2014,"2014 IEEE 16th International Conference on e-Health Networking, Applications and Services, Healthcom 2014","","https://www.scopus.com/inward/record.uri?partnerID=HzOxMe3b&scp=84921732967&origin=inward","https://www.scopus.com/inward/citedby.uri?partnerID=HzOxMe3b&scp=84921732967&origin=inward",147,"2021-03-18 10:43:54","Conference Paper","10.1109/HealthCom.2014.7001878","","https://api.elsevier.com/content/abstract/scopus_id/84921732967",,,411,416,3,0.43,3,1,7,""
3,"A. Bourke","Energy expenditure estimation using accelerometry and heart rate for multiple sclerosis and healthy older adults",2014,"Proceedings - 11th International Conference on Wearable and Implantable Body Sensor Networks Workshops, BSN Workshops 2014","","https://www.scopus.com/inward/record.uri?partnerID=HzOxMe3b&scp=84919452287&origin=inward","https://www.scopus.com/inward/citedby.uri?partnerID=HzOxMe3b&scp=84919452287&origin=inward",148,"2021-03-18 10:43:54","Conference Paper","10.1109/BSN.Workshops.2014.18","","https://api.elsevier.com/content/abstract/scopus_id/84919452287",,,1,5,3,0.43,3,1,7,""
3,"A. Kuusik","Comparative study of four instrumented mobility analysis tests on neurological disease patients",2014,"Proceedings - 11th International Conference on Wearable and Implantable Body Sensor Networks Workshops, BSN Workshops 2014","","https://www.scopus.com/inward/record.uri?partnerID=HzOxMe3b&scp=84919429828&origin=inward","https://www.scopus.com/inward/citedby.uri?partnerID=HzOxMe3b&scp=84919429828&origin=inward",149,"2021-03-18 10:43:54","Conference Paper","10.1109/BSN.Workshops.2014.13","","https://api.elsevier.com/content/abstract/scopus_id/84919429828",,,33,37,3,0.43,3,1,7,""
3,"R. Wallace","In-home measurement of the effect of strategically weighted vests on ambulation",2013,"Proceedings of the Annual International Conference of the IEEE Engineering in Medicine and Biology Society, EMBS","","https://www.scopus.com/inward/record.uri?partnerID=HzOxMe3b&scp=84886565542&origin=inward","https://www.scopus.com/inward/citedby.uri?partnerID=HzOxMe3b&scp=84886565542&origin=inward",150,"2021-03-18 10:43:54","Conference Paper","10.1109/EMBC.2013.6609659","1557-170X","https://api.elsevier.com/content/abstract/scopus_id/84886565542",,,949,952,3,0.38,3,1,8,""
3,"D.J. Reinkensmeyer","Robotic approaches to stroke recovery",2010,"Brain Repair After Stroke","","https://www.scopus.com/inward/record.uri?partnerID=HzOxMe3b&scp=84884824478&origin=inward","https://www.scopus.com/inward/citedby.uri?partnerID=HzOxMe3b&scp=84884824478&origin=inward",151,"2021-03-18 10:43:54","Chapter","10.1017/CBO9780511777547.019","","https://api.elsevier.com/content/abstract/scopus_id/84884824478",,,195,206,3,0.27,3,1,11,""
3,"J. Kesselring","Disease progression in Multiple Sclerosis II. methods for the determination of walking impairment and its impact on activities and social participation",2010,"European Neurological Review","","https://www.scopus.com/inward/record.uri?partnerID=HzOxMe3b&scp=84858251368&origin=inward","https://www.scopus.com/inward/citedby.uri?partnerID=HzOxMe3b&scp=84858251368&origin=inward",152,"2021-03-18 10:43:54","Article","10.17925/enr.2010.05.01.61","1758-3837","https://api.elsevier.com/content/abstract/scopus_id/84858251368",5,1,61,68,3,0.27,3,1,11,""
3,"B. Liang","B cells and beyond: Therapeutic opportunities targeting inflammation",2007,"Inflammation and Allergy - Drug Targets","","https://www.scopus.com/inward/record.uri?partnerID=HzOxMe3b&scp=34648834097&origin=inward","https://www.scopus.com/inward/citedby.uri?partnerID=HzOxMe3b&scp=34648834097&origin=inward",153,"2021-03-18 10:43:54","Review","10.2174/187152807781696473","1871-5281","https://api.elsevier.com/content/abstract/scopus_id/34648834097",6,3,142,149,3,0.21,3,1,14,""
2,"L. Shammas","Detection of parameters to quantify neurobehavioral alteration in multiple sclerosis based on daily life physical activity and gait using ambulatory assessment",2014,"Zeitschrift fur Neuropsychologie","","https://www.scopus.com/inward/record.uri?partnerID=HzOxMe3b&scp=84914106803&origin=inward","https://www.scopus.com/inward/citedby.uri?partnerID=HzOxMe3b&scp=84914106803&origin=inward",154,"2021-03-18 10:43:54","Article","10.1024/1016-264X/a000141","1016-264X","https://api.elsevier.com/content/abstract/scopus_id/84914106803",25,4,253,265,2,0.29,2,1,7,""
2,"J. Opara","The role of physical activity in preventing disability in Multiple Sclerosis",2012,"Rehabilitacja Medyczna","","https://www.scopus.com/inward/record.uri?partnerID=HzOxMe3b&scp=84876157736&origin=inward","https://www.scopus.com/inward/citedby.uri?partnerID=HzOxMe3b&scp=84876157736&origin=inward",155,"2021-03-18 10:43:54","Article","","1427-9622","https://api.elsevier.com/content/abstract/scopus_id/84876157736",16,3,22,26,2,0.22,2,1,9,""
2,"S. Arimilli","Rapid identification of antigenic T-cell epitopes by extracellular, acidification rate signals",2000,"Journal of Cellular Biochemistry","","https://www.scopus.com/inward/record.uri?partnerID=HzOxMe3b&scp=0034013938&origin=inward","https://www.scopus.com/inward/citedby.uri?partnerID=HzOxMe3b&scp=0034013938&origin=inward",156,"2021-03-18 10:43:54","Article","10.1002/(sici)1097-4644(20000601)77:3<409::aid-jcb6>3.0.co;2-%23","0730-2312","https://api.elsevier.com/content/abstract/scopus_id/0034013938",77,3,409,417,2,0.10,2,1,21,""
1,"S. Ferrante","Evaluation of a novel modular Upper Limb Neuroprosthesis for Daily Life Support",2014,"IFMBE Proceedings","","https://www.scopus.com/inward/record.uri?partnerID=HzOxMe3b&scp=84891301856&origin=inward","https://www.scopus.com/inward/citedby.uri?partnerID=HzOxMe3b&scp=84891301856&origin=inward",157,"2021-03-18 10:43:54","Conference Paper","10.1007/978-3-319-00846-2_442","1680-0737","https://api.elsevier.com/content/abstract/scopus_id/84891301856",41,,1791,1794,1,0.14,1,1,7,""
1,"G. Matrella","Embedding monitoring of physiological parameters in an AAL system",2011,"Assistive Technology Research Series","","https://www.scopus.com/inward/record.uri?partnerID=HzOxMe3b&scp=84865488483&origin=inward","https://www.scopus.com/inward/citedby.uri?partnerID=HzOxMe3b&scp=84865488483&origin=inward",158,"2021-03-18 10:43:54","Conference Paper","10.3233/978-1-60750-814-4-81","1383-813X","https://api.elsevier.com/content/abstract/scopus_id/84865488483",29,,81,87,1,0.10,1,1,10,""
1,"A. Šišková","Uveitis and multiple sclerosis",2005,"Ceska a Slovenska Oftalmologie","","https://www.scopus.com/inward/record.uri?partnerID=HzOxMe3b&scp=22144440158&origin=inward","https://www.scopus.com/inward/citedby.uri?partnerID=HzOxMe3b&scp=22144440158&origin=inward",159,"2021-03-18 10:43:54","Article","","1211-9059","https://api.elsevier.com/content/abstract/scopus_id/22144440158",61,4,235,244,1,0.06,1,1,16,""
0,"","2013 2nd International Conference on Sport Material, Modelling and Simulation, ICSMMS 2013",2013,"Advanced Materials Research","","https://www.scopus.com/inward/record.uri?partnerID=HzOxMe3b&scp=85013573176&origin=inward","https://www.scopus.com/inward/citedby.uri?partnerID=HzOxMe3b&scp=85013573176&origin=inward",160,"2021-03-18 10:43:54","Conference Review","","1022-6680","https://api.elsevier.com/content/abstract/scopus_id/85013573176",680,,,,0,0.00,0,0,8,""
0,"","Proceedings - PERVASIVEHEALTH 2014: 8th International Conference on Pervasive Computing Technologies for Healthcare",2014,"Proceedings - PERVASIVEHEALTH 2014: 8th International Conference on Pervasive Computing Technologies for Healthcare","","https://www.scopus.com/inward/record.uri?partnerID=HzOxMe3b&scp=84929009310&origin=inward","https://www.scopus.com/inward/citedby.uri?partnerID=HzOxMe3b&scp=84929009310&origin=inward",161,"2021-03-18 10:43:54","Conference Review","","","https://api.elsevier.com/content/abstract/scopus_id/84929009310",,,,,0,0.00,0,0,7,""
0,"","Proceedings - 11th International Conference on Wearable and Implantable Body Sensor Networks Workshops, BSN Workshops 2014",2014,"Proceedings - 11th International Conference on Wearable and Implantable Body Sensor Networks Workshops, BSN Workshops 2014","","https://www.scopus.com/inward/record.uri?partnerID=HzOxMe3b&scp=84919665364&origin=inward","https://www.scopus.com/inward/citedby.uri?partnerID=HzOxMe3b&scp=84919665364&origin=inward",162,"2021-03-18 10:43:54","Conference Review","","","https://api.elsevier.com/content/abstract/scopus_id/84919665364",,,,,0,0.00,0,0,7,""
0,"J.M. Huisinga","Erratum: Accelerometry reveals differences in gait variability between patients with multiple sclerosis and healthy controls (Annals of Biomedical Engineering (2013) 41:8 (1670-1679))",2013,"Annals of Biomedical Engineering","","https://www.scopus.com/inward/record.uri?partnerID=HzOxMe3b&scp=84896706345&origin=inward","https://www.scopus.com/inward/citedby.uri?partnerID=HzOxMe3b&scp=84896706345&origin=inward",163,"2021-03-18 10:43:54","Erratum","10.1007/s10439-013-0868-5","0090-6964","https://api.elsevier.com/content/abstract/scopus_id/84896706345",41,9,2018,2018,0,0.00,0,1,8,""
0,"E. Snook","Pain and physical activity in women with MS: Differential pattern of relationships with objective and self-report measures of physical activity",2008,"Exercise and Women's Health","","https://www.scopus.com/inward/record.uri?partnerID=HzOxMe3b&scp=84895238902&origin=inward","https://www.scopus.com/inward/citedby.uri?partnerID=HzOxMe3b&scp=84895238902&origin=inward",164,"2021-03-18 10:43:54","Chapter","","","https://api.elsevier.com/content/abstract/scopus_id/84895238902",,,99,112,0,0.00,0,1,13,""
0,"F. Palavra","Clinical outcomes in multiple sclerosis trials - Where are we and where are we going to?",2013,"Sinapse","","https://www.scopus.com/inward/record.uri?partnerID=HzOxMe3b&scp=84888217591&origin=inward","https://www.scopus.com/inward/citedby.uri?partnerID=HzOxMe3b&scp=84888217591&origin=inward",165,"2021-03-18 10:43:54","Review","","1645-281X","https://api.elsevier.com/content/abstract/scopus_id/84888217591",13,2,21,26,0,0.00,0,1,8,""
0,"R. Bustamante-Bello","Triaxial high sensitivity MEMS based system for the detection and characterization of neurodegenerative diseases",2012,"Proceedings - 8th International Conference on Intelligent Environments, IE 2012","","https://www.scopus.com/inward/record.uri?partnerID=HzOxMe3b&scp=84866792720&origin=inward","https://www.scopus.com/inward/citedby.uri?partnerID=HzOxMe3b&scp=84866792720&origin=inward",166,"2021-03-18 10:43:54","Conference Paper","10.1109/IE.2012.48","","https://api.elsevier.com/content/abstract/scopus_id/84866792720",,,335,338,0,0.00,0,1,9,""
0,"H. Wang","The treatment effects of HET0016 on demyelinating mice induced by cuprizone",2012,"Proceedings - IEEE-EMBS International Conference on Biomedical and Health Informatics: Global Grand Challenge of Health Informatics, BHI 2012","","https://www.scopus.com/inward/record.uri?partnerID=HzOxMe3b&scp=84864268007&origin=inward","https://www.scopus.com/inward/citedby.uri?partnerID=HzOxMe3b&scp=84864268007&origin=inward",167,"2021-03-18 10:43:54","Conference Paper","10.1109/BHI.2012.6211716","","https://api.elsevier.com/content/abstract/scopus_id/84864268007",,,840,842,0,0.00,0,1,9,""
0,"L.P. Ketteringham","Measuring intention tremor in multiple sclerosis using inertial measurement unit (IMU) devices",2011,"BIODEVICES 2011 - Proceedings of the International Conference on Biomedical Electronics and Devices","","https://www.scopus.com/inward/record.uri?partnerID=HzOxMe3b&scp=79960153879&origin=inward","https://www.scopus.com/inward/citedby.uri?partnerID=HzOxMe3b&scp=79960153879&origin=inward",168,"2021-03-18 10:43:54","Conference Paper","","","https://api.elsevier.com/content/abstract/scopus_id/79960153879",,,204,211,0,0.00,0,1,10,""
0,"S. Chen","Identification of improvement in gait performance of MS patients by using upper limb joint movements",2011,"2011 IEEE/ICME International Conference on Complex Medical Engineering, CME 2011","","https://www.scopus.com/inward/record.uri?partnerID=HzOxMe3b&scp=79960021217&origin=inward","https://www.scopus.com/inward/citedby.uri?partnerID=HzOxMe3b&scp=79960021217&origin=inward",169,"2021-03-18 10:43:54","Conference Paper","10.1109/ICCME.2011.5876822","","https://api.elsevier.com/content/abstract/scopus_id/79960021217",,,657,661,0,0.00,0,1,10,""
0,"E. White","Predicting energy expenditure for the ambulatory neurologically impaired patient: A regression approach",2007,"International Journal on Disability and Human Development","","https://www.scopus.com/inward/record.uri?partnerID=HzOxMe3b&scp=56149125264&origin=inward","https://www.scopus.com/inward/citedby.uri?partnerID=HzOxMe3b&scp=56149125264&origin=inward",170,"2021-03-18 10:43:54","Article","10.1515/IJDHD.2007.6.3.301","2191-1231","https://api.elsevier.com/content/abstract/scopus_id/56149125264",6,3,301,308,0,0.00,0,1,14,""
0,"N.R. Alam","Prognostic value of brain tissue pathological changes in patients with multiple sclerosis using magnetization transfer parameters",2007,"Proceedings of the 4th IEEE-EMBS International Summer School and Symposium on Medical Devices and Biosensors, ISSS-MDBS 2007","","https://www.scopus.com/inward/record.uri?partnerID=HzOxMe3b&scp=48049094969&origin=inward","https://www.scopus.com/inward/citedby.uri?partnerID=HzOxMe3b&scp=48049094969&origin=inward",171,"2021-03-18 10:43:54","Conference Paper","10.1109/ISSMDBS.2007.4338294","","https://api.elsevier.com/content/abstract/scopus_id/48049094969",,,69,72,0,0.00,0,1,14,""
0,"B. Mineo","ULTRASONIC BLADDER SENSOR FOR PERSONS WITH INCONTINENCE.",1987,"","","https://www.scopus.com/inward/record.uri?partnerID=HzOxMe3b&scp=0023581180&origin=inward","https://www.scopus.com/inward/citedby.uri?partnerID=HzOxMe3b&scp=0023581180&origin=inward",172,"2021-03-18 10:43:54","Conference Paper","","","https://api.elsevier.com/content/abstract/scopus_id/0023581180",,,232,234,0,0.00,0,1,34,""
0,"B.A. Mineo","PORTABLE, NON-INVASIVE ULTRASONIC BLADDER SENSOR FOR INCONTINENCE.",1986,"IEEE/Engineering in Medicine and Biology Society Annual Conference","","https://www.scopus.com/inward/record.uri?partnerID=HzOxMe3b&scp=0023015779&origin=inward","https://www.scopus.com/inward/citedby.uri?partnerID=HzOxMe3b&scp=0023015779&origin=inward",173,"2021-03-18 10:43:54","Conference Paper","","","https://api.elsevier.com/content/abstract/scopus_id/0023015779",,,1864,1867,0,0.00,0,1,35,""
0,"A. Retvedt","Types of tremor in patients with neurological diseases and in normals. An appraisal on the basis of recording with an accelerometer (Norwegian)",1975,"Tidsskrift for den Norske Laegeforening","","https://www.scopus.com/inward/record.uri?partnerID=HzOxMe3b&scp=0016857312&origin=inward","https://www.scopus.com/inward/citedby.uri?partnerID=HzOxMe3b&scp=0016857312&origin=inward",174,"2021-03-18 10:43:54","Article","","0029-2001","https://api.elsevier.com/content/abstract/scopus_id/0016857312",95,2,107,110,0,0.00,0,1,46,""
